{
    "2013_milage_mean": 71394,
    "price_weight": 3,
    "2019_price_mean": 45496,
    "2012_price_mean": 15500,
    "2012_milage_mean": 69910,
    "price_difference_max": 0.0,
    "age_min": 0.0,
    "age_max": 7.0,
    "price_difference_min": 0.0,
    "sum_rating_max": 1.2416761186016503,
    "price_min": 15500.0,
    "2014_milage_mean": 90428,
    "2018_price_mean": 43888,
    "2017_price_mean": 41438,
    "milage_weight": 2,
    "age_weight": 1,
    "2019_milage_mean": 2505,
    "price_max": 52000.0,
    "2018_milage_mean": 2812,
    "2017_milage_mean": 9903,
    "sum_rating_min": -1.3779651472924952,
    "2013_price_mean": 18041,
    "2014_price_mean": 22000,
    "milage_max": 90428.0,
    "milage_min": 2103.0
}