{
    "2013_milage_mean": 82556,
    "price_weight": 3,
    "2012_price_mean": 12648,
    "2012_milage_mean": 106404,
    "2015_milage_mean": 49350,
    "age_min": 0.0,
    "age_max": 6.0,
    "price_difference_min": -9025.0,
    "sum_rating_max": 2.3218683819014876,
    "2016_price_mean": 30258,
    "price_min": 11000.0,
    "2014_milage_mean": 99856,
    "2018_price_mean": 51959,
    "2017_price_mean": 37698,
    "milage_weight": 2,
    "age_weight": 1,
    "price_max": 57351.0,
    "2016_milage_mean": 35051,
    "2018_milage_mean": 499,
    "2017_milage_mean": 8743,
    "sum_rating_min": -4.160949267995774,
    "2015_price_mean": 22693,
    "2013_price_mean": 18640,
    "2014_price_mean": 20583,
    "milage_max": 190261.0,
    "price_difference_max": 11178.0,
    "milage_min": 0.0
}