{
    "2006_milage_mean": 189617,
    "2006_price_mean": 5484,
    "1983_price_mean": 3000,
    "2002_price_mean": 2600,
    "price_weight": 3,
    "2019_price_mean": 47748,
    "2012_price_mean": 12200,
    "2004_milage_mean": 163446,
    "2009_milage_mean": 98417,
    "2013_milage_mean": 84109,
    "2008_milage_mean": 115455,
    "1999_price_mean": 2995,
    "price_difference_max": 9984.0,
    "age_min": 0.0,
    "age_max": 36.0,
    "price_difference_min": -25260.0,
    "1983_milage_mean": 319000,
    "2005_milage_mean": 162294,
    "sum_rating_max": 2.631683779630027,
    "1999_milage_mean": 200850,
    "2002_milage_mean": 217500,
    "2016_price_mean": 24792,
    "2007_price_mean": 6610,
    "price_min": 2000.0,
    "2005_price_mean": 6455,
    "2014_milage_mean": 98442,
    "2018_price_mean": 44439,
    "2017_price_mean": 36988,
    "milage_weight": 2,
    "2011_milage_mean": 81553,
    "2003_milage_mean": 173000,
    "age_weight": 1,
    "2019_milage_mean": 2424,
    "price_max": 52000.0,
    "2010_price_mean": 7777,
    "2016_milage_mean": 40310,
    "2018_milage_mean": 8309,
    "2017_milage_mean": 5230,
    "2007_milage_mean": 158656,
    "1997_milage_mean": 231750,
    "2012_milage_mean": 125200,
    "sum_rating_min": -6.456188098578208,
    "2015_price_mean": 20888,
    "2013_price_mean": 17541,
    "2010_milage_mean": 162000,
    "2004_price_mean": 4434,
    "2015_milage_mean": 56800,
    "2009_price_mean": 10672,
    "2014_price_mean": 19473,
    "milage_max": 319000.0,
    "2008_price_mean": 9780,
    "2003_price_mean": 3500,
    "1997_price_mean": 3399,
    "2011_price_mean": 13569,
    "milage_min": 2038.0
}