{
    "2013_milage_mean": 77057,
    "price_weight": 3,
    "2019_price_mean": 41488,
    "2009_milage_mean": 110772,
    "2008_milage_mean": 114904,
    "price_difference_max": 7450.0,
    "age_min": 0.0,
    "age_max": 14.0,
    "price_difference_min": -11734.0,
    "2005_milage_mean": 222000,
    "sum_rating_max": 2.1747626707991223,
    "price_min": 8000.0,
    "2005_price_mean": 8000,
    "2014_milage_mean": 103213,
    "2017_price_mean": 45888,
    "milage_weight": 2,
    "age_weight": 1,
    "2019_milage_mean": 2103,
    "price_max": 45888.0,
    "2017_milage_mean": 14577,
    "sum_rating_min": -3.113580390452862,
    "2013_price_mean": 17426,
    "2009_price_mean": 10600,
    "2014_price_mean": 21888,
    "milage_max": 222000.0,
    "2008_price_mean": 12439,
    "milage_min": 2103.0
}