{
    "2006_milage_mean": 130809,
    "2006_price_mean": 6000,
    "2013_milage_mean": 67540,
    "price_weight": 3,
    "2012_price_mean": 15500,
    "2009_milage_mean": 113659,
    "2007_milage_mean": 170853,
    "2012_milage_mean": 69910,
    "2015_milage_mean": 74087,
    "age_min": 2.0,
    "age_max": 14.0,
    "price_difference_min": 0.0,
    "2005_milage_mean": 222000,
    "sum_rating_max": 1.6584984193145669,
    "milage_max": 222000.0,
    "price_min": 5500.0,
    "2005_price_mean": 8000,
    "2014_milage_mean": 90428,
    "2017_price_mean": 45888,
    "milage_weight": 2,
    "age_weight": 1,
    "price_max": 45888.0,
    "2017_milage_mean": 14577,
    "sum_rating_min": -3.754905261003898,
    "2015_price_mean": 19890,
    "2013_price_mean": 18330,
    "2009_price_mean": 10150,
    "2014_price_mean": 22000,
    "2007_price_mean": 5500,
    "price_difference_max": 0.0,
    "milage_min": 14577.0
}