{
    "2013_milage_mean": 80013,
    "price_weight": 3,
    "2019_price_mean": 44000,
    "2012_price_mean": 15500,
    "2012_milage_mean": 69910,
    "price_difference_max": 0.0,
    "age_min": 0.0,
    "age_max": 7.0,
    "price_difference_min": 0.0,
    "sum_rating_max": 2.2838616775646527,
    "2016_price_mean": 22990,
    "price_min": 15500.0,
    "2014_milage_mean": 90428,
    "2018_price_mean": 48990,
    "2017_price_mean": 45888,
    "milage_weight": 2,
    "age_weight": 1,
    "2019_milage_mean": 2038,
    "price_max": 48990.0,
    "2016_milage_mean": 41623,
    "2018_milage_mean": 14555,
    "2017_milage_mean": 14577,
    "sum_rating_min": -2.9525020582145562,
    "2015_price_mean": 19890,
    "2013_price_mean": 18373,
    "2014_price_mean": 22000,
    "milage_max": 133213.0,
    "2015_milage_mean": 74087,
    "milage_min": 2038.0
}