{
    "2006_milage_mean": 174614,
    "2006_price_mean": 5770,
    "1983_price_mean": 3000,
    "2002_price_mean": 2600,
    "price_weight": 3,
    "2019_price_mean": 47165,
    "2012_price_mean": 13300,
    "2004_milage_mean": 166578,
    "2009_milage_mean": 103426,
    "2013_milage_mean": 80808,
    "2008_milage_mean": 120649,
    "1999_price_mean": 2995,
    "price_difference_max": 9515.0,
    "age_min": 0.0,
    "age_max": 36.0,
    "price_difference_min": -32201.0,
    "1983_milage_mean": 319000,
    "2005_milage_mean": 160093,
    "sum_rating_max": 2.6682233396303916,
    "1999_milage_mean": 200850,
    "2002_milage_mean": 217500,
    "2016_price_mean": 24792,
    "2007_price_mean": 6812,
    "price_min": 2000.0,
    "2005_price_mean": 6881,
    "2014_milage_mean": 103360,
    "2018_price_mean": 44439,
    "2017_price_mean": 41438,
    "milage_weight": 2,
    "2011_milage_mean": 87229,
    "2003_milage_mean": 173000,
    "age_weight": 1,
    "2019_milage_mean": 2399,
    "price_max": 52000.0,
    "2010_price_mean": 7777,
    "2016_milage_mean": 40310,
    "2018_milage_mean": 8309,
    "2017_milage_mean": 9903,
    "2007_milage_mean": 164156,
    "1997_milage_mean": 231750,
    "2012_milage_mean": 102903,
    "sum_rating_min": -7.6358503440093255,
    "2015_price_mean": 20389,
    "2013_price_mean": 17813,
    "2010_milage_mean": 162000,
    "2004_price_mean": 4693,
    "2015_milage_mean": 65443,
    "2009_price_mean": 10784,
    "2014_price_mean": 19145,
    "milage_max": 319000.0,
    "2008_price_mean": 9797,
    "2003_price_mean": 3500,
    "1997_price_mean": 3399,
    "2011_price_mean": 13664,
    "milage_min": 2038.0
}