{
    "1969_price_mean": 115933,
    "1966_price_mean": 179497,
    "price_weight": 3,
    "1973_milage_mean": 71571,
    "1968_price_mean": 150987,
    "price_difference_max": 141072.0,
    "age_min": 45.0,
    "1970_price_mean": 168333,
    "age_max": 54.0,
    "price_difference_min": -368652.0,
    "1969_milage_mean": 52078,
    "sum_rating_max": 5.879667697780379,
    "1972_price_mean": 174250,
    "price_min": 69800.0,
    "milage_weight": 2,
    "age_weight": 1,
    "price_max": 650000.0,
    "1973_price_mean": 276372,
    "1968_milage_mean": 47553,
    "1967_milage_mean": 82752,
    "sum_rating_min": -8.594868302112237,
    "1966_milage_mean": 25107,
    "1970_milage_mean": 60217,
    "1964_milage_mean": 280,
    "milage_min": 280.0,
    "1964_price_mean": 650000,
    "milage_max": 117000.0,
    "1972_milage_mean": 31965,
    "1967_price_mean": 267497
}