{
    "2006_milage_mean": 177874,
    "2006_price_mean": 8642,
    "2013_milage_mean": 102664,
    "2002_price_mean": 4250,
    "price_weight": 3,
    "1998_milage_mean": 217984,
    "2012_price_mean": 20179,
    "2004_milage_mean": 199493,
    "2009_milage_mean": 134964,
    "2007_milage_mean": 149088,
    "2008_milage_mean": 145863,
    "1999_price_mean": 2900,
    "2001_milage_mean": 211522,
    "price_difference_max": 8355.0,
    "age_min": 0.0,
    "age_max": 21.0,
    "price_difference_min": -16622.0,
    "2005_milage_mean": 191250,
    "sum_rating_max": 1.9818862858120823,
    "1999_milage_mean": 342000,
    "2002_milage_mean": 158500,
    "2016_price_mean": 40392,
    "milage_max": 342000.0,
    "price_min": 500.0,
    "2005_price_mean": 6355,
    "2014_milage_mean": 68232,
    "2018_price_mean": 42888,
    "2017_price_mean": 45397,
    "milage_weight": 2,
    "2011_milage_mean": 119968,
    "2003_milage_mean": 157751,
    "1998_price_mean": 2574,
    "2012_milage_mean": 91340,
    "price_max": 53084.0,
    "2000_milage_mean": 215000,
    "2010_price_mean": 17929,
    "2016_milage_mean": 13017,
    "2018_milage_mean": 2607,
    "2017_milage_mean": 959,
    "2001_price_mean": 3647,
    "1997_milage_mean": 247000,
    "2000_price_mean": 5249,
    "sum_rating_min": -3.779185842424776,
    "2015_price_mean": 35507,
    "2013_price_mean": 23606,
    "2010_milage_mean": 109266,
    "2004_price_mean": 6470,
    "2015_milage_mean": 45851,
    "2009_price_mean": 14567,
    "2014_price_mean": 31531,
    "2007_price_mean": 10008,
    "2008_price_mean": 9820,
    "age_weight": 1,
    "2003_price_mean": 5350,
    "1997_price_mean": 2397,
    "2011_price_mean": 17485,
    "milage_min": 0.0
}