{
    "2006_milage_mean": 126465,
    "2006_price_mean": 6990,
    "2013_milage_mean": 71211,
    "2002_price_mean": 6995,
    "price_weight": 3,
    "2019_price_mean": 72666,
    "2012_price_mean": 20689,
    "2004_milage_mean": 169000,
    "2009_milage_mean": 115598,
    "2007_milage_mean": 116965,
    "2008_milage_mean": 142141,
    "2012_milage_mean": 88790,
    "2001_milage_mean": 176085,
    "price_difference_max": 17832.0,
    "age_min": 0.0,
    "age_max": 22.0,
    "price_difference_min": -42551.0,
    "sum_rating_max": 2.6778019864385487,
    "2002_milage_mean": 152164,
    "2016_price_mean": 49912,
    "2007_price_mean": 12039,
    "price_min": 2400.0,
    "2014_milage_mean": 56738,
    "2018_price_mean": 65230,
    "2017_price_mean": 51403,
    "milage_weight": 2,
    "2011_milage_mean": 95366,
    "1998_price_mean": 2950,
    "2019_milage_mean": 3423,
    "price_max": 101900.0,
    "2010_price_mean": 19950,
    "2016_milage_mean": 30327,
    "2018_milage_mean": 5913,
    "2017_milage_mean": 28032,
    "2001_price_mean": 4500,
    "1997_milage_mean": 143000,
    "2000_price_mean": 5000,
    "sum_rating_min": -5.897694167614929,
    "2015_price_mean": 40230,
    "2013_price_mean": 24849,
    "1998_milage_mean": 173973,
    "2010_milage_mean": 66210,
    "2004_price_mean": 5399,
    "2015_milage_mean": 54492,
    "2009_price_mean": 15533,
    "2014_price_mean": 33215,
    "milage_max": 193500.0,
    "2008_price_mean": 13898,
    "age_weight": 1,
    "2000_milage_mean": 168000,
    "1997_price_mean": 9950,
    "2011_price_mean": 17957,
    "milage_min": 1977.0
}