{
    "1996_price_mean": 3000,
    "2006_price_mean": 10716,
    "2013_milage_mean": 61003,
    "2002_price_mean": 5856,
    "price_weight": 3,
    "1998_milage_mean": 233802,
    "2012_price_mean": 27508,
    "2004_milage_mean": 128982,
    "2009_milage_mean": 98930,
    "2007_milage_mean": 111933,
    "2008_milage_mean": 116298,
    "1999_price_mean": 4900,
    "2001_milage_mean": 160563,
    "price_difference_max": 18708.0,
    "age_weight": 1,
    "age_min": 0.0,
    "age_max": 22.0,
    "price_difference_min": -37076.0,
    "2005_milage_mean": 100900,
    "sum_rating_max": 2.4860383414726677,
    "1999_milage_mean": 235000,
    "2002_milage_mean": 190894,
    "2016_price_mean": 59599,
    "milage_max": 348534.0,
    "price_min": 2000.0,
    "2005_price_mean": 20150,
    "2014_milage_mean": 41019,
    "2018_price_mean": 72699,
    "2017_price_mean": 68731,
    "milage_weight": 2,
    "2011_milage_mean": 89573,
    "2003_milage_mean": 178469,
    "1998_price_mean": 3500,
    "2012_milage_mean": 69602,
    "price_max": 96706.0,
    "2000_milage_mean": 209000,
    "2010_price_mean": 22500,
    "2016_milage_mean": 11631,
    "2018_milage_mean": 0,
    "2017_milage_mean": 2836,
    "2001_price_mean": 5871,
    "1997_milage_mean": 242883,
    "2000_price_mean": 4999,
    "sum_rating_min": -6.193430804287833,
    "2015_price_mean": 48293,
    "2013_price_mean": 29240,
    "2010_milage_mean": 69000,
    "2004_price_mean": 9746,
    "2015_milage_mean": 33606,
    "1996_milage_mean": 201495,
    "2009_price_mean": 17705,
    "2014_price_mean": 42583,
    "2007_price_mean": 14745,
    "2008_price_mean": 15626,
    "2006_milage_mean": 91525,
    "2003_price_mean": 6413,
    "1997_price_mean": 4650,
    "2011_price_mean": 23188,
    "milage_min": 0.0
}