{
    "2006_milage_mean": 126465,
    "2006_price_mean": 6990,
    "2013_milage_mean": 89023,
    "2002_price_mean": 6995,
    "price_weight": 3,
    "2019_price_mean": 73990,
    "2012_price_mean": 20752,
    "2004_milage_mean": 169000,
    "2009_milage_mean": 115598,
    "2007_milage_mean": 116192,
    "2008_milage_mean": 142141,
    "2012_milage_mean": 79341,
    "2001_milage_mean": 176085,
    "price_difference_max": 14919.0,
    "age_min": 0.0,
    "age_max": 19.0,
    "price_difference_min": -16910.0,
    "sum_rating_max": 2.5441686751933386,
    "2002_milage_mean": 152164,
    "2016_price_mean": 49293,
    "2007_price_mean": 11825,
    "price_min": 4500.0,
    "2014_milage_mean": 63086,
    "2018_price_mean": 58927,
    "2017_price_mean": 52642,
    "milage_weight": 2,
    "2011_milage_mean": 100355,
    "age_weight": 1,
    "2019_milage_mean": 2068,
    "price_max": 73990.0,
    "2010_price_mean": 19950,
    "2016_milage_mean": 26699,
    "2018_milage_mean": 7284,
    "2017_milage_mean": 22269,
    "2001_price_mean": 4500,
    "2000_price_mean": 5000,
    "sum_rating_min": -2.493825776016064,
    "2015_price_mean": 41600,
    "2013_price_mean": 23191,
    "2010_milage_mean": 66210,
    "2004_price_mean": 5399,
    "2015_milage_mean": 60333,
    "2009_price_mean": 15533,
    "2014_price_mean": 34349,
    "milage_max": 193500.0,
    "2008_price_mean": 13898,
    "2000_milage_mean": 168000,
    "2011_price_mean": 17997,
    "milage_min": 2068.0
}