{
    "1996_price_mean": 2500,
    "2006_price_mean": 11268,
    "2013_milage_mean": 91163,
    "2002_price_mean": 4615,
    "price_weight": 3,
    "2019_price_mean": 80750,
    "2012_price_mean": 22846,
    "2004_milage_mean": 153900,
    "2009_milage_mean": 100645,
    "2007_milage_mean": 140339,
    "2008_milage_mean": 135808,
    "1999_price_mean": 4490,
    "2001_milage_mean": 152283,
    "price_difference_max": 18407.0,
    "age_weight": 1,
    "age_min": 0.0,
    "age_max": 23.0,
    "price_difference_min": -45508.0,
    "2005_milage_mean": 201683,
    "sum_rating_max": 2.4849445195950017,
    "1999_milage_mean": 223000,
    "2002_milage_mean": 171581,
    "2016_price_mean": 48651,
    "milage_max": 786000.0,
    "price_min": 2500.0,
    "2005_price_mean": 8186,
    "2014_milage_mean": 109607,
    "2018_price_mean": 72514,
    "2017_price_mean": 56898,
    "milage_weight": 2,
    "2011_milage_mean": 95705,
    "2003_milage_mean": 203839,
    "1998_price_mean": 4990,
    "2019_milage_mean": 516,
    "price_max": 98628.0,
    "2000_milage_mean": 178290,
    "2016_milage_mean": 38778,
    "2018_milage_mean": 2690,
    "2017_milage_mean": 16579,
    "2001_price_mean": 5068,
    "1997_milage_mean": 143000,
    "2000_price_mean": 4694,
    "sum_rating_min": -18.144736511850553,
    "2015_price_mean": 41208,
    "2013_price_mean": 23264,
    "1998_milage_mean": 159947,
    "2012_milage_mean": 82281,
    "2004_price_mean": 7223,
    "2015_milage_mean": 52358,
    "1996_milage_mean": 113000,
    "2009_price_mean": 15068,
    "2014_price_mean": 35940,
    "2007_price_mean": 13345,
    "2008_price_mean": 12701,
    "2006_milage_mean": 93349,
    "2003_price_mean": 5380,
    "1997_price_mean": 9950,
    "2011_price_mean": 18664,
    "milage_min": 0.0
}