{
    "2013_milage_mean": 53098,
    "price_weight": 3,
    "2012_price_mean": 31915,
    "2012_milage_mean": 61003,
    "2015_milage_mean": 36312,
    "age_min": 0.0,
    "age_max": 7.0,
    "price_difference_min": -23292.0,
    "sum_rating_max": 3.312283360793385,
    "2016_price_mean": 65563,
    "price_min": 22000.0,
    "2014_milage_mean": 40389,
    "2018_price_mean": 82880,
    "2017_price_mean": 74361,
    "milage_weight": 2,
    "2011_milage_mean": 70155,
    "age_weight": 1,
    "price_max": 95888.0,
    "2016_milage_mean": 19327,
    "2018_milage_mean": 0,
    "price_difference_max": 12067.0,
    "2017_milage_mean": 7493,
    "sum_rating_min": -3.5946693537848944,
    "2015_price_mean": 52630,
    "2013_price_mean": 35358,
    "2014_price_mean": 49370,
    "milage_max": 133600.0,
    "2011_price_mean": 27345,
    "milage_min": 0.0
}