{
    "2013_milage_mean": 53156,
    "price_weight": 3,
    "2012_price_mean": 31917,
    "2012_milage_mean": 61903,
    "2015_milage_mean": 35905,
    "age_min": 0.0,
    "age_max": 7.0,
    "price_difference_min": -23865.0,
    "sum_rating_max": 3.2845896495943414,
    "2016_price_mean": 66034,
    "price_min": 22000.0,
    "2014_milage_mean": 42367,
    "2018_price_mean": 82880,
    "2017_price_mean": 73759,
    "milage_weight": 2,
    "2011_milage_mean": 71219,
    "age_weight": 1,
    "price_max": 95888.0,
    "2016_milage_mean": 18247,
    "2018_milage_mean": 0,
    "price_difference_max": 11643.0,
    "2017_milage_mean": 7569,
    "sum_rating_min": -3.5902948543581577,
    "2015_price_mean": 52962,
    "2013_price_mean": 35454,
    "2014_price_mean": 48067,
    "milage_max": 133600.0,
    "2011_price_mean": 27336,
    "milage_min": 0.0
}