{
    "2013_milage_mean": 65313,
    "price_weight": 3,
    "2012_price_mean": 30630,
    "2012_milage_mean": 82521,
    "2015_milage_mean": 40973,
    "age_min": 2.0,
    "age_max": 19.0,
    "price_difference_min": -16942.0,
    "sum_rating_max": 2.5696249923968626,
    "1999_milage_mean": 132460,
    "2016_price_mean": 67680,
    "1999_price_mean": 6244,
    "price_min": 5990.0,
    "2014_milage_mean": 49926,
    "milage_weight": 2,
    "age_weight": 1,
    "price_max": 67680.0,
    "2016_milage_mean": 3516,
    "sum_rating_min": -4.646869355884691,
    "2015_price_mean": 46135,
    "2013_price_mean": 34694,
    "2014_price_mean": 37210,
    "milage_max": 139379.0,
    "price_difference_max": 8532.0,
    "milage_min": 3516.0
}