{
    "1996_price_mean": 53714,
    "1998_milage_mean": 188000,
    "1983_price_mean": 30000,
    "2002_price_mean": 65000,
    "1990_price_mean": 18500,
    "1990_milage_mean": 132806,
    "1995_milage_mean": 127321,
    "2001_milage_mean": 80000,
    "price_difference_max": 48070.0,
    "1986_price_mean": 7249,
    "age_min": 16.0,
    "age_max": 35.0,
    "price_difference_min": -43929.0,
    "1983_milage_mean": 110000,
    "sum_rating_max": 6.261261353161679,
    "1993_milage_mean": 153177,
    "sum_rating_min": -4.1150815493399255,
    "1993_price_mean": 23687,
    "price_min": 6000.0,
    "milage_weight": 2,
    "1998_price_mean": 45000,
    "price_max": 99900.0,
    "1994_price_mean": 35231,
    "1995_price_mean": 61133,
    "2001_price_mean": 16500,
    "1997_milage_mean": 113166,
    "2002_milage_mean": 81700,
    "1994_milage_mean": 158786,
    "1996_milage_mean": 148448,
    "price_weight": 3,
    "1986_milage_mean": 159693,
    "milage_max": 298000.0,
    "age_weight": 1,
    "1997_price_mean": 38050,
    "milage_min": 32100.0
}