{
    "2006_milage_mean": 156397,
    "2006_price_mean": 3250,
    "2013_milage_mean": 57800,
    "2002_price_mean": 2300,
    "price_weight": 3,
    "2019_price_mean": 20230,
    "2012_price_mean": 10603,
    "2009_milage_mean": 101050,
    "2007_milage_mean": 120008,
    "2008_milage_mean": 154986,
    "2012_milage_mean": 56027,
    "price_difference_max": 3415.0,
    "age_min": 0.0,
    "age_max": 17.0,
    "price_difference_min": -4276.0,
    "sum_rating_max": 2.078165621697081,
    "2002_milage_mean": 167000,
    "2016_price_mean": 11828,
    "milage_max": 225000.0,
    "price_min": 1900.0,
    "2014_milage_mean": 65621,
    "2018_price_mean": 17207,
    "2017_price_mean": 13506,
    "milage_weight": 2,
    "age_weight": 1,
    "2019_milage_mean": 8,
    "price_max": 22990.0,
    "2010_price_mean": 3600,
    "2016_milage_mean": 80470,
    "2018_milage_mean": 7371,
    "2017_milage_mean": 44282,
    "sum_rating_min": -2.596292326378487,
    "2015_price_mean": 12216,
    "2013_price_mean": 9900,
    "2010_milage_mean": 183858,
    "2009_price_mean": 4916,
    "2014_price_mean": 12843,
    "2007_price_mean": 5122,
    "2008_price_mean": 4085,
    "2015_milage_mean": 47594,
    "milage_min": 0.0
}