{
    "2006_milage_mean": 144434,
    "2006_price_mean": 4998,
    "2013_milage_mean": 27360,
    "price_weight": 3,
    "2009_milage_mean": 45964,
    "2015_milage_mean": 72082,
    "age_min": 0.0,
    "age_max": 12.0,
    "price_difference_min": -2400.0,
    "sum_rating_max": 2.3073502488264124,
    "price_min": 4998.0,
    "2014_milage_mean": 102896,
    "2018_price_mean": 17380,
    "milage_weight": 2,
    "age_weight": 1,
    "price_max": 18010.0,
    "2010_price_mean": 6296,
    "2018_milage_mean": 5,
    "sum_rating_min": -1.4127060891980423,
    "2015_price_mean": 11144,
    "2013_price_mean": 14980,
    "2010_milage_mean": 143972,
    "2009_price_mean": 6990,
    "2014_price_mean": 7888,
    "milage_max": 162606.0,
    "price_difference_max": 2558.0,
    "milage_min": 0.0
}