{
  "2006_milage_mean": 192081,
  "2006_price_mean": 7691,
  "2013_milage_mean": 100730,
  "2002_price_mean": 3450,
  "price_weight": 3,
  "1998_milage_mean": 125101,
  "2012_price_mean": 15601,
  "2004_milage_mean": 239039,
  "2009_milage_mean": 143111,
  "2007_milage_mean": 163425,
  "2008_milage_mean": 161944,
  "1999_price_mean": 2100,
  "2001_milage_mean": 216270,
  "price_difference_max": 13077.0,
  "age_min": 1.0,
  "age_max": 27.0,
  "price_difference_min": -21346.0,
  "2005_milage_mean": 170884,
  "sum_rating_max": 3.0309298524230703,
  "1999_milage_mean": 243211,
  "2002_milage_mean": 173219,
  "2016_price_mean": 27254,
  "milage_max": 396110.0,
  "price_min": 1000.0,
  "2005_price_mean": 7058,
  "2014_milage_mean": 94230,
  "2018_price_mean": 39836,
  "2017_price_mean": 31638,
  "milage_weight": 2,
  "2011_milage_mean": 129046,
  "2003_milage_mean": 192624,
  "1998_price_mean": 3000,
  "2012_milage_mean": 115262,
  "price_max": 47840.0,
  "2000_milage_mean": 238834,
  "2010_price_mean": 12189,
  "2016_milage_mean": 52670,
  "2018_milage_mean": 165,
  "2017_milage_mean": 19717,
  "2001_price_mean": 4164,
  "1997_milage_mean": 238915,
  "2000_price_mean": 4787,
  "sum_rating_min": -5.5431526921125105,
  "2015_price_mean": 21537,
  "2013_price_mean": 17589,
  "2010_milage_mean": 146285,
  "2004_price_mean": 5366,
  "2015_milage_mean": 80267,
  "2009_price_mean": 9974,
  "2014_price_mean": 20031,
  "2007_price_mean": 8984,
  "2008_price_mean": 9513,
  "age_weight": 1,
  "2003_price_mean": 4757,
  "1997_price_mean": 1000,
  "2011_price_mean": 15379,
  "milage_min": 0.0
}