{
  "2013_milage_mean": 89451,
  "price_weight": 3,
  "2012_price_mean": 27946,
  "2009_milage_mean": 106993,
  "2012_milage_mean": 108080,
  "price_difference_max": 12955.0,
  "age_min": 3.0,
  "age_max": 12.0,
  "price_difference_min": -28717.0,
  "sum_rating_max": 3.543030598087305,
  "2016_price_mean": 48459,
  "price_min": 14999.0,
  "2014_milage_mean": 84168,
  "2018_price_mean": 62815,
  "2017_price_mean": 49756,
  "milage_weight": 2,
  "2011_milage_mean": 110418,
  "age_weight": 1,
  "price_max": 67500.0,
  "2010_price_mean": 22544,
  "2016_milage_mean": 51672,
  "2018_milage_mean": 26677,
  "2017_milage_mean": 24698,
  "sum_rating_min": -8.912783861801486,
  "2015_price_mean": 43189,
  "2013_price_mean": 33810,
  "2010_milage_mean": 120885,
  "2015_milage_mean": 61173,
  "2009_price_mean": 23266,
  "2014_price_mean": 39154,
  "milage_max": 203450.0,
  "2011_price_mean": 27141,
  "milage_min": 7232.0
}