{
    "price_max": 49290.0,
    "sum_rating_max": 2.307007434665733,
    "price_weight": 3,
    "sum_rating_min": -3.057945758486081,
    "milage_weight": 2,
    "price_min": 8250.0,
    "milage_max": 166820.0,
    "age_min": 1.0,
    "age_max": 8.0,
    "milage_min": 0.0,
    "age_weight": 1
}