{
    "1996_price_mean": 3000,
    "2006_price_mean": 10716,
    "2013_milage_mean": 63067,
    "2002_price_mean": 5561,
    "price_weight": 3,
    "1998_milage_mean": 242666,
    "2012_price_mean": 27093,
    "2004_milage_mean": 113648,
    "2009_milage_mean": 100497,
    "2007_milage_mean": 105390,
    "2008_milage_mean": 117068,
    "1999_price_mean": 4900,
    "2001_milage_mean": 160563,
    "price_difference_max": 16909.0,
    "age_weight": 1,
    "age_min": 1.0,
    "age_max": 22.0,
    "price_difference_min": -39303.0,
    "2005_milage_mean": 112972,
    "sum_rating_max": 2.4850079483962357,
    "1999_milage_mean": 235000,
    "2002_milage_mean": 208053,
    "2016_price_mean": 57953,
    "milage_max": 348534.0,
    "price_min": 2000.0,
    "2005_price_mean": 14887,
    "2014_milage_mean": 43153,
    "2017_price_mean": 69207,
    "milage_weight": 2,
    "2011_milage_mean": 94758,
    "2003_milage_mean": 186736,
    "1998_price_mean": 3433,
    "2012_milage_mean": 76508,
    "price_max": 96706.0,
    "2000_milage_mean": 209000,
    "2010_price_mean": 22500,
    "2016_milage_mean": 13523,
    "2017_milage_mean": 2362,
    "2001_price_mean": 6205,
    "1997_milage_mean": 211511,
    "2000_price_mean": 4999,
    "sum_rating_min": -6.336310306933804,
    "2015_price_mean": 48842,
    "2013_price_mean": 28896,
    "2010_milage_mean": 69000,
    "2004_price_mean": 9828,
    "2015_milage_mean": 32822,
    "1996_milage_mean": 201495,
    "2009_price_mean": 16814,
    "2014_price_mean": 42571,
    "2007_price_mean": 15341,
    "2008_price_mean": 15665,
    "2006_milage_mean": 91525,
    "2003_price_mean": 6048,
    "1997_price_mean": 7383,
    "2011_price_mean": 22457,
    "milage_min": 0.0
}