{
    "price_max": 79605.0,
    "sum_rating_max": 2.6142169245276246,
    "price_weight": 3,
    "sum_rating_min": -8.927498346796995,
    "milage_weight": 2,
    "price_min": 2000.0,
    "milage_max": 388000.0,
    "age_min": 0.0,
    "age_max": 30.0,
    "milage_min": 0.0,
    "age_weight": 1
}