{
    "price_max": 94888.0,
    "sum_rating_max": 3.1866977440392485,
    "price_weight": 3,
    "sum_rating_min": -4.270226630793689,
    "milage_weight": 2,
    "price_min": 15500.0,
    "milage_max": 220000.0,
    "age_min": 1.0,
    "age_max": 9.0,
    "milage_min": 0.0,
    "age_weight": 1
}