{
    "2006_milage_mean": 112275,
    "2006_price_mean": 17066,
    "2002_price_mean": 16900,
    "price_weight": 3,
    "2004_milage_mean": 98107,
    "age_min": 12.0,
    "2001_milage_mean": 62155,
    "price_difference_max": 3440.0,
    "2005_milage_mean": 127141,
    "age_max": 18.0,
    "price_difference_min": -4382.0,
    "sum_rating_max": 4.493533178614689,
    "sum_rating_min": -4.770771268667257,
    "price_min": 8000.0,
    "2005_price_mean": 13440,
    "milage_weight": 2,
    "2003_milage_mean": 72007,
    "age_weight": 1,
    "price_max": 18000.0,
    "2000_milage_mean": 114000,
    "2001_price_mean": 12850,
    "2000_price_mean": 8000,
    "2002_milage_mean": 118769,
    "2004_price_mean": 14995,
    "milage_max": 133000.0,
    "2003_price_mean": 15949,
    "milage_min": 59514.0
}