{
    "2006_milage_mean": 50126,
    "2006_price_mean": 44990,
    "2013_milage_mean": 52748,
    "2002_price_mean": 35900,
    "price_weight": 3,
    "1998_milage_mean": 160365,
    "2012_price_mean": 89496,
    "2004_milage_mean": 83447,
    "2009_milage_mean": 93199,
    "2007_milage_mean": 132195,
    "2008_milage_mean": 93706,
    "2012_milage_mean": 60545,
    "price_difference_max": 19107.0,
    "age_min": 1.0,
    "age_max": 21.0,
    "price_difference_min": -60741.0,
    "2005_milage_mean": 103439,
    "sum_rating_max": 2.401485941954811,
    "2002_milage_mean": 93000,
    "2016_price_mean": 111856,
    "milage_max": 330000.0,
    "price_min": 22500.0,
    "2005_price_mean": 38250,
    "2014_milage_mean": 33091,
    "2017_price_mean": 127529,
    "milage_weight": 2,
    "2011_milage_mean": 85009,
    "2003_milage_mean": 123876,
    "1998_price_mean": 23750,
    "price_max": 133000.0,
    "2010_price_mean": 56169,
    "2016_milage_mean": 25028,
    "2017_milage_mean": 6904,
    "1997_milage_mean": 330000,
    "sum_rating_min": -9.004736970261035,
    "2015_price_mean": 96809,
    "2013_price_mean": 79572,
    "2010_milage_mean": 88582,
    "2004_price_mean": 31749,
    "2015_milage_mean": 35092,
    "2009_price_mean": 49585,
    "2014_price_mean": 87495,
    "2007_price_mean": 39999,
    "2008_price_mean": 49136,
    "age_weight": 1,
    "2003_price_mean": 35368,
    "1997_price_mean": 36500,
    "2011_price_mean": 59495,
    "milage_min": 3621.0
}