{
    "price_max": 71850.0,
    "sum_rating_max": 5.0973741683483125,
    "2009_milage_mean": 82267,
    "2010_milage_mean": 89916,
    "price_weight": 3,
    "sum_rating_min": -3.8866277532433173,
    "2010_price_mean": 53940,
    "2011_price_mean": 60858,
    "2009_price_mean": 50601,
    "2008_milage_mean": 132333,
    "price_min": 39990.0,
    "milage_weight": 2,
    "milage_max": 141000.0,
    "2008_price_mean": 44626,
    "price_difference_max": 14111.0,
    "age_min": 7.0,
    "2011_milage_mean": 79944,
    "age_max": 10.0,
    "price_difference_min": -9816.0,
    "milage_min": 43500.0,
    "age_weight": 1
}