{
    "2006_milage_mean": 130020,
    "2006_price_mean": 9079,
    "2013_milage_mean": 62590,
    "2002_price_mean": 3450,
    "price_weight": 3,
    "2012_price_mean": 17711,
    "2004_milage_mean": 244700,
    "2009_milage_mean": 105285,
    "2007_milage_mean": 116236,
    "2008_milage_mean": 114212,
    "1999_price_mean": 2000,
    "2001_milage_mean": 146763,
    "price_difference_max": 15117.0,
    "age_min": 0.0,
    "age_max": 21.0,
    "price_difference_min": -25413.0,
    "2005_milage_mean": 136195,
    "sum_rating_max": 2.7817726029873318,
    "1999_milage_mean": 173707,
    "2002_milage_mean": 172385,
    "2016_price_mean": 35767,
    "milage_max": 279449.0,
    "price_min": 1000.0,
    "2005_price_mean": 7179,
    "2014_milage_mean": 42334,
    "2018_price_mean": 52341,
    "2017_price_mean": 48784,
    "milage_weight": 2,
    "2011_milage_mean": 84219,
    "2003_milage_mean": 196483,
    "age_weight": 1,
    "2012_milage_mean": 76469,
    "price_max": 67375.0,
    "2000_milage_mean": 158857,
    "2010_price_mean": 14178,
    "2016_milage_mean": 11777,
    "2018_milage_mean": 32,
    "2017_milage_mean": 788,
    "2001_price_mean": 3883,
    "1997_milage_mean": 218000,
    "2000_price_mean": 2995,
    "sum_rating_min": -5.692056352229999,
    "2015_price_mean": 31788,
    "2013_price_mean": 24090,
    "2010_milage_mean": 95481,
    "2004_price_mean": 4999,
    "2015_milage_mean": 34262,
    "2009_price_mean": 12590,
    "2014_price_mean": 30656,
    "2007_price_mean": 8815,
    "2008_price_mean": 11971,
    "2003_price_mean": 3216,
    "1997_price_mean": 2200,
    "2011_price_mean": 16623,
    "milage_min": 0.0
}