{
    "2006_milage_mean": 151778,
    "2006_price_mean": 6946,
    "2013_milage_mean": 79185,
    "2002_price_mean": 4341,
    "price_weight": 3,
    "2019_price_mean": 41773,
    "2012_price_mean": 15952,
    "2004_milage_mean": 183498,
    "2009_milage_mean": 116336,
    "2007_milage_mean": 114649,
    "2008_milage_mean": 114152,
    "1999_price_mean": 2842,
    "2001_milage_mean": 267359,
    "price_difference_max": 10312.0,
    "age_min": 0.0,
    "age_max": 22.0,
    "price_difference_min": -11623.0,
    "2005_milage_mean": 156311,
    "sum_rating_max": 2.4706416185123747,
    "1999_milage_mean": 250349,
    "2002_milage_mean": 221145,
    "2016_price_mean": 30058,
    "2007_price_mean": 10314,
    "price_min": 2250.0,
    "2005_price_mean": 6595,
    "2014_milage_mean": 98274,
    "2018_price_mean": 38098,
    "2017_price_mean": 31338,
    "milage_weight": 2,
    "2011_milage_mean": 77653,
    "2003_milage_mean": 208229,
    "1998_price_mean": 3746,
    "2019_milage_mean": 2398,
    "price_max": 46990.0,
    "2000_milage_mean": 207206,
    "2010_price_mean": 12643,
    "2016_milage_mean": 30345,
    "2018_milage_mean": 4327,
    "2017_milage_mean": 32096,
    "2001_price_mean": 3372,
    "1997_milage_mean": 285000,
    "2000_price_mean": 3200,
    "sum_rating_min": -3.5691892150913946,
    "2015_price_mean": 22234,
    "2013_price_mean": 18652,
    "1998_milage_mean": 243300,
    "2012_milage_mean": 88697,
    "2010_milage_mean": 92261,
    "2004_price_mean": 5863,
    "2015_milage_mean": 71001,
    "2009_price_mean": 11296,
    "2014_price_mean": 19654,
    "milage_max": 345000.0,
    "2008_price_mean": 11345,
    "age_weight": 1,
    "2003_price_mean": 5422,
    "1997_price_mean": 2400,
    "2011_price_mean": 14990,
    "milage_min": 10.0
}