{
    "price_max": 18990.0,
    "sum_rating_max": 5.33088966877319,
    "milage_weight": 2,
    "price_weight": 3,
    "sum_rating_min": -12.836187137192457,
    "2015_milage_mean": 30389,
    "2016_milage_mean": 23351,
    "2016_price_mean": 15531,
    "2014_price_mean": 11082,
    "price_min": 10250.0,
    "2014_milage_mean": 37789,
    "milage_max": 92010.0,
    "2017_price_mean": 18000,
    "price_difference_max": 2643.0,
    "2017_milage_mean": 1391,
    "age_min": 1.0,
    "age_max": 4.0,
    "price_difference_min": -2490.0,
    "milage_min": 1391.0,
    "2015_price_mean": 12525,
    "age_weight": 1
}