{
    "1996_price_mean": 3000,
    "2006_price_mean": 10716,
    "2013_milage_mean": 61003,
    "2002_price_mean": 5856,
    "price_weight": 3,
    "1998_milage_mean": 235070,
    "2012_price_mean": 27387,
    "2004_milage_mean": 128982,
    "2009_milage_mean": 98930,
    "2007_milage_mean": 109898,
    "2008_milage_mean": 116298,
    "1999_price_mean": 4900,
    "2001_milage_mean": 160563,
    "price_difference_max": 18809.0,
    "age_weight": 1,
    "age_min": 0.0,
    "age_max": 22.0,
    "price_difference_min": -36902.0,
    "2005_milage_mean": 100900,
    "sum_rating_max": 2.49563042516794,
    "1999_milage_mean": 235000,
    "2002_milage_mean": 190894,
    "2016_price_mean": 59818,
    "milage_max": 348534.0,
    "price_min": 2000.0,
    "2005_price_mean": 20150,
    "2014_milage_mean": 41704,
    "2018_price_mean": 72554,
    "2017_price_mean": 69137,
    "milage_weight": 2,
    "2011_milage_mean": 89707,
    "2003_milage_mean": 178469,
    "1998_price_mean": 3433,
    "2012_milage_mean": 69612,
    "price_max": 96706.0,
    "2000_milage_mean": 209000,
    "2010_price_mean": 22500,
    "2016_milage_mean": 11209,
    "2018_milage_mean": 0,
    "2017_milage_mean": 3037,
    "2001_price_mean": 5871,
    "1997_milage_mean": 242883,
    "2000_price_mean": 4999,
    "sum_rating_min": -6.271102961292817,
    "2015_price_mean": 48155,
    "2013_price_mean": 29240,
    "2010_milage_mean": 69000,
    "2004_price_mean": 9746,
    "2015_milage_mean": 32842,
    "1996_milage_mean": 201495,
    "2009_price_mean": 17705,
    "2014_price_mean": 41535,
    "2007_price_mean": 14812,
    "2008_price_mean": 15626,
    "2006_milage_mean": 91525,
    "2003_price_mean": 6413,
    "1997_price_mean": 4650,
    "2011_price_mean": 23103,
    "milage_min": 0.0
}