{
    "2013_milage_mean": 54318,
    "price_weight": 3,
    "2012_price_mean": 19661,
    "2012_milage_mean": 99608,
    "2015_milage_mean": 48408,
    "age_min": 1.0,
    "age_max": 8.0,
    "price_difference_min": -20457.0,
    "sum_rating_max": 2.1254335647440556,
    "2016_price_mean": 52970,
    "price_min": 15980.0,
    "2014_milage_mean": 64560,
    "2018_price_mean": 67025,
    "2017_price_mean": 51406,
    "milage_weight": 2,
    "2011_milage_mean": 121817,
    "age_weight": 1,
    "price_max": 85800.0,
    "2016_milage_mean": 29131,
    "2018_milage_mean": 5906,
    "price_difference_max": 10298.0,
    "2017_milage_mean": 28134,
    "sum_rating_min": -3.5457043662435908,
    "2015_price_mean": 39550,
    "2013_price_mean": 25974,
    "2014_price_mean": 32690,
    "milage_max": 137139.0,
    "2011_price_mean": 15980,
    "milage_min": 3094.0
}