{
    "2013_milage_mean": 12266,
    "price_weight": 3,
    "2015_milage_mean": 13727,
    "age_min": 1.0,
    "age_max": 5.0,
    "price_difference_min": -62397.0,
    "sum_rating_max": 1.9058656208219649,
    "2016_price_mean": 187894,
    "price_min": 128888.0,
    "2014_milage_mean": 42346,
    "2017_price_mean": 224943,
    "milage_weight": 2,
    "age_weight": 1,
    "price_max": 285962.0,
    "2016_milage_mean": 4445,
    "2017_milage_mean": 3152,
    "sum_rating_min": -3.9338938996513146,
    "2015_price_mean": 176439,
    "2013_price_mean": 129878,
    "2014_price_mean": 133188,
    "milage_max": 48217.0,
    "price_difference_max": 31328.0,
    "milage_min": 0.0
}