{
    "2006_milage_mean": 197000,
    "2006_price_mean": 3500,
    "2013_milage_mean": 67560,
    "price_weight": 3,
    "2019_price_mean": 48815,
    "2012_price_mean": 17999,
    "2004_milage_mean": 178101,
    "2009_milage_mean": 56999,
    "2008_milage_mean": 184505,
    "2012_milage_mean": 66850,
    "price_difference_max": 11869.0,
    "age_min": 0.0,
    "age_max": 16.0,
    "price_difference_min": -11977.0,
    "2005_milage_mean": 144380,
    "sum_rating_max": 2.517514593859037,
    "2016_price_mean": 22880,
    "price_min": 2200.0,
    "2005_price_mean": 8638,
    "2014_milage_mean": 107061,
    "2018_price_mean": 41705,
    "2017_price_mean": 31612,
    "milage_weight": 2,
    "2011_milage_mean": 209425,
    "2003_milage_mean": 254004,
    "age_weight": 1,
    "2019_milage_mean": 0,
    "price_max": 54488.0,
    "2010_price_mean": 10000,
    "2016_milage_mean": 74599,
    "2018_milage_mean": 1872,
    "2017_milage_mean": 14706,
    "sum_rating_min": -4.052116370531976,
    "2015_price_mean": 23830,
    "2013_price_mean": 18148,
    "2010_milage_mean": 75000,
    "2004_price_mean": 4000,
    "2015_milage_mean": 43823,
    "2009_price_mean": 11999,
    "2014_price_mean": 14952,
    "milage_max": 300009.0,
    "2008_price_mean": 5990,
    "2003_price_mean": 2850,
    "2011_price_mean": 8250,
    "milage_min": 0.0
}