{
    "1998_milage_mean": 173973,
    "2013_milage_mean": 55775,
    "price_weight": 3,
    "2019_price_mean": 72225,
    "2012_price_mean": 20121,
    "2012_milage_mean": 88813,
    "price_difference_max": 17772.0,
    "age_min": 0.0,
    "age_max": 22.0,
    "price_difference_min": -41150.0,
    "sum_rating_max": 2.613794283054772,
    "2016_price_mean": 49280,
    "price_min": 2400.0,
    "2014_milage_mean": 53174,
    "2018_price_mean": 64563,
    "2017_price_mean": 52900,
    "milage_weight": 2,
    "2011_milage_mean": 99752,
    "1998_price_mean": 2950,
    "2019_milage_mean": 3875,
    "price_max": 101900.0,
    "2016_milage_mean": 30926,
    "2018_milage_mean": 5983,
    "2017_milage_mean": 28175,
    "1997_milage_mean": 143000,
    "sum_rating_min": -5.991769379881012,
    "2015_price_mean": 38595,
    "2013_price_mean": 24788,
    "2015_milage_mean": 58375,
    "2014_price_mean": 34373,
    "milage_max": 188000.0,
    "age_weight": 1,
    "1997_price_mean": 9950,
    "2011_price_mean": 17724,
    "milage_min": 1977.0
}