{
    "2006_milage_mean": 181500,
    "2006_price_mean": 5250,
    "price_weight": 3,
    "2004_milage_mean": 159388,
    "2009_milage_mean": 163019,
    "2007_milage_mean": 128419,
    "2008_milage_mean": 131203,
    "price_difference_max": 0.0,
    "age_min": 0.0,
    "age_max": 18.0,
    "price_difference_min": 0.0,
    "2005_milage_mean": 152700,
    "sum_rating_max": 2.675934465132917,
    "2016_price_mean": 34811,
    "milage_max": 214995.0,
    "price_min": 800.0,
    "2005_price_mean": 3890,
    "2014_milage_mean": 30011,
    "2018_price_mean": 56470,
    "2017_price_mean": 48570,
    "milage_weight": 2,
    "2003_milage_mean": 176000,
    "age_weight": 1,
    "price_max": 69450.0,
    "2000_milage_mean": 103826,
    "2010_price_mean": 12690,
    "2016_milage_mean": 47473,
    "2018_milage_mean": 500,
    "2017_milage_mean": 10129,
    "2000_price_mean": 800,
    "sum_rating_min": -4.69560864299617,
    "2015_price_mean": 34206,
    "2010_milage_mean": 151156,
    "2004_price_mean": 3867,
    "2009_price_mean": 7050,
    "2014_price_mean": 34990,
    "2007_price_mean": 7829,
    "2008_price_mean": 9990,
    "2003_price_mean": 10249,
    "2015_milage_mean": 62983,
    "milage_min": 0.0
}