{
    "2006_milage_mean": 237300,
    "2006_price_mean": 4800,
    "2013_milage_mean": 94061,
    "2002_price_mean": 4130,
    "price_weight": 3,
    "2019_price_mean": 38433,
    "2012_price_mean": 16442,
    "2004_milage_mean": 226815,
    "2009_milage_mean": 133389,
    "2007_milage_mean": 159602,
    "2008_milage_mean": 157819,
    "1999_price_mean": 3200,
    "2001_milage_mean": 148307,
    "price_difference_max": 12094.0,
    "age_min": 0.0,
    "age_max": 22.0,
    "price_difference_min": -18471.0,
    "2005_milage_mean": 208807,
    "sum_rating_max": 2.181257587683435,
    "1999_milage_mean": 440000,
    "2002_milage_mean": 237441,
    "2016_price_mean": 24863,
    "2007_price_mean": 9063,
    "price_min": 2000.0,
    "2005_price_mean": 5848,
    "2014_milage_mean": 70290,
    "2018_price_mean": 35197,
    "2017_price_mean": 29695,
    "milage_weight": 2,
    "2011_milage_mean": 137635,
    "2003_milage_mean": 235792,
    "1998_price_mean": 3833,
    "2019_milage_mean": 652,
    "price_max": 49210.0,
    "2000_milage_mean": 256108,
    "2010_price_mean": 12345,
    "2016_milage_mean": 59817,
    "2018_milage_mean": 8614,
    "2017_milage_mean": 33064,
    "2001_price_mean": 6749,
    "1997_milage_mean": 248000,
    "2000_price_mean": 3579,
    "sum_rating_min": -6.7420282879332065,
    "2015_price_mean": 22167,
    "2013_price_mean": 18457,
    "1998_milage_mean": 185276,
    "2012_milage_mean": 82733,
    "2010_milage_mean": 102097,
    "2004_price_mean": 4945,
    "2015_milage_mean": 63637,
    "2009_price_mean": 10902,
    "2014_price_mean": 21642,
    "milage_max": 440000.0,
    "2008_price_mean": 9414,
    "age_weight": 1,
    "2003_price_mean": 5013,
    "1997_price_mean": 4999,
    "2011_price_mean": 13208,
    "milage_min": 0.0
}