{
    "1996_price_mean": 27995,
    "2013_milage_mean": 40016,
    "2002_price_mean": 33700,
    "price_weight": 3,
    "2012_price_mean": 79787,
    "2004_milage_mean": 114760,
    "2009_milage_mean": 78139,
    "2007_milage_mean": 92000,
    "2008_milage_mean": 92430,
    "1999_price_mean": 37475,
    "1995_milage_mean": 167730,
    "2001_milage_mean": 142493,
    "price_difference_max": 0.0,
    "age_min": 0.0,
    "age_max": 31.0,
    "price_difference_min": 0.0,
    "2005_milage_mean": 76328,
    "sum_rating_max": 2.982958836432731,
    "1999_milage_mean": 123888,
    "2002_milage_mean": 146485,
    "2016_price_mean": 106443,
    "milage_max": 330000.0,
    "price_min": 24990.0,
    "2005_price_mean": 54700,
    "2018_price_mean": 157832,
    "2017_price_mean": 126963,
    "milage_weight": 2,
    "2011_milage_mean": 51718,
    "2003_milage_mean": 114876,
    "age_weight": 1,
    "price_max": 163819.0,
    "1987_price_mean": 92500,
    "1987_milage_mean": 11380,
    "2010_price_mean": 55377,
    "2016_milage_mean": 21350,
    "2018_milage_mean": 0,
    "2017_milage_mean": 6303,
    "1995_price_mean": 28000,
    "2001_price_mean": 56000,
    "1997_milage_mean": 243000,
    "2012_milage_mean": 57356,
    "sum_rating_min": -7.55781389426989,
    "2015_price_mean": 94515,
    "2013_price_mean": 78990,
    "2010_milage_mean": 90144,
    "2004_price_mean": 33411,
    "2015_milage_mean": 38238,
    "1996_milage_mean": 183020,
    "2009_price_mean": 50859,
    "2007_price_mean": 43500,
    "2008_price_mean": 50877,
    "2003_price_mean": 36125,
    "1997_price_mean": 34500,
    "2011_price_mean": 71962,
    "milage_min": 0.0
}