{
    "2013_milage_mean": 74468,
    "price_weight": 3,
    "2012_price_mean": 14249,
    "2012_milage_mean": 102505,
    "2015_milage_mean": 76937,
    "age_min": 0.0,
    "age_max": 7.0,
    "price_difference_min": -11681.0,
    "sum_rating_max": 2.898702009783775,
    "2016_price_mean": 30571,
    "price_min": 7500.0,
    "2014_milage_mean": 86152,
    "2018_price_mean": 42289,
    "2017_price_mean": 28877,
    "milage_weight": 2,
    "2011_milage_mean": 107957,
    "age_weight": 1,
    "price_max": 50538.0,
    "2016_milage_mean": 21021,
    "2018_milage_mean": 265,
    "price_difference_max": 10440.0,
    "2017_milage_mean": 17653,
    "sum_rating_min": -4.559473338969341,
    "2015_price_mean": 17028,
    "2013_price_mean": 16284,
    "2014_price_mean": 16084,
    "milage_max": 239390.0,
    "2011_price_mean": 14353,
    "milage_min": 0.0
}