{
    "1978_price_mean": 107500,
    "1976_milage_mean": 153443,
    "1969_price_mean": 226500,
    "price_weight": 3,
    "1973_milage_mean": 120892,
    "age_weight": 1,
    "price_difference_max": 77758.0,
    "age_min": 39.0,
    "1970_price_mean": 120000,
    "age_max": 49.0,
    "price_difference_min": -142335.0,
    "1974_milage_mean": 102204,
    "1972_price_mean": 105000,
    "1975_milage_mean": 42011,
    "sum_rating_max": 6.996785370241612,
    "1977_milage_mean": 144756,
    "1977_price_mean": 119750,
    "price_min": 65000.0,
    "milage_weight": 2,
    "1974_price_mean": 208500,
    "1976_price_mean": 115400,
    "price_max": 315000.0,
    "1975_price_mean": 139995,
    "1973_price_mean": 175900,
    "1979_milage_mean": 97583,
    "sum_rating_min": -9.77132044024717,
    "1970_milage_mean": 42000,
    "1969_milage_mean": 42483,
    "1978_milage_mean": 161345,
    "milage_max": 280000.0,
    "1972_milage_mean": 100500,
    "1979_price_mean": 81666,
    "milage_min": 6788.0
}