{
    "1996_price_mean": 1987,
    "2006_price_mean": 6087,
    "1983_price_mean": 6750,
    "2002_price_mean": 4503,
    "1990_price_mean": 2000,
    "1998_milage_mean": 192878,
    "2012_price_mean": 13522,
    "1991_milage_mean": 145000,
    "2004_milage_mean": 167982,
    "2009_milage_mean": 113130,
    "2013_milage_mean": 68043,
    "2008_milage_mean": 125860,
    "1999_price_mean": 2848,
    "1995_milage_mean": 307595,
    "2001_milage_mean": 189206,
    "price_difference_max": 6786.0,
    "age_weight": 1,
    "age_min": 0.0,
    "age_max": 35.0,
    "price_difference_min": -20948.0,
    "1983_milage_mean": 119834,
    "1994_milage_mean": 155000,
    "2005_milage_mean": 164866,
    "sum_rating_max": 3.36385994152877,
    "1992_milage_mean": 246000,
    "1999_milage_mean": 205399,
    "1993_milage_mean": 208591,
    "2002_milage_mean": 195537,
    "1993_price_mean": 1750,
    "2016_price_mean": 18799,
    "milage_max": 349000.0,
    "price_min": 400.0,
    "2005_price_mean": 5769,
    "2014_milage_mean": 58572,
    "2018_price_mean": 26587,
    "2017_price_mean": 26605,
    "1990_milage_mean": 155000,
    "2011_milage_mean": 94536,
    "2003_milage_mean": 176802,
    "1998_price_mean": 2820,
    "2012_milage_mean": 79508,
    "price_max": 36530.0,
    "1994_price_mean": 2375,
    "milage_weight": 2,
    "2000_milage_mean": 198951,
    "1987_price_mean": 3750,
    "1987_milage_mean": 316000,
    "2010_price_mean": 10343,
    "2016_milage_mean": 39325,
    "2018_milage_mean": 10,
    "2017_milage_mean": 3852,
    "2007_milage_mean": 131723,
    "1995_price_mean": 2990,
    "2001_price_mean": 3962,
    "1991_price_mean": 1700,
    "price_weight": 3,
    "1997_milage_mean": 215894,
    "2000_price_mean": 3501,
    "sum_rating_min": -8.59807827018783,
    "2015_price_mean": 17791,
    "2013_price_mean": 15147,
    "1992_price_mean": 1800,
    "2010_milage_mean": 108650,
    "2004_price_mean": 5702,
    "2015_milage_mean": 45580,
    "1996_milage_mean": 211422,
    "2009_price_mean": 9951,
    "2014_price_mean": 16517,
    "2007_price_mean": 7901,
    "2008_price_mean": 8829,
    "2006_milage_mean": 162975,
    "2003_price_mean": 4834,
    "1997_price_mean": 2424,
    "2011_price_mean": 11740,
    "milage_min": 0.0
}