{
  "2013_milage_mean": 57417,
  "price_weight": 3,
  "2012_price_mean": 29031,
  "2012_milage_mean": 80514,
  "price_difference_max": 13926.0,
  "age_min": 1.0,
  "age_max": 9.0,
  "price_difference_min": -18439.0,
  "sum_rating_max": 2.6515082738197533,
  "2016_price_mean": 38814,
  "price_min": 15000.0,
  "2014_milage_mean": 37941,
  "2018_price_mean": 58260,
  "2017_price_mean": 44223,
  "milage_weight": 2,
  "2011_milage_mean": 73168,
  "age_weight": 1,
  "price_max": 72387.0,
  "2010_price_mean": 24025,
  "2016_milage_mean": 22084,
  "2018_milage_mean": 786,
  "2017_milage_mean": 10404,
  "sum_rating_min": -18.27059790143018,
  "2015_price_mean": 34248,
  "2013_price_mean": 31036,
  "2010_milage_mean": 85096,
  "2015_milage_mean": 37564,
  "2014_price_mean": 34031,
  "milage_max": 455111.0,
  "2011_price_mean": 27122,
  "milage_min": 0.0
}