{
    "2006_milage_mean": 112241,
    "2006_price_mean": 17110,
    "2002_price_mean": 12850,
    "price_weight": 3,
    "2004_milage_mean": 123578,
    "2009_milage_mean": 81472,
    "2007_milage_mean": 100711,
    "2008_milage_mean": 95243,
    "price_difference_max": 6834.0,
    "age_min": 9.0,
    "age_max": 16.0,
    "price_difference_min": -9577.0,
    "2005_milage_mean": 121414,
    "sum_rating_max": 6.48454718401031,
    "2002_milage_mean": 139600,
    "milage_max": 219953.0,
    "price_min": 8000.0,
    "2005_price_mean": 14637,
    "milage_weight": 2,
    "2003_milage_mean": 152592,
    "age_weight": 1,
    "price_max": 24000.0,
    "sum_rating_min": -8.473820710742132,
    "2004_price_mean": 15436,
    "2009_price_mean": 19496,
    "2007_price_mean": 17726,
    "2008_price_mean": 18810,
    "2003_price_mean": 13310,
    "milage_min": 18000.0
}