{
    "2006_milage_mean": 50892,
    "2006_price_mean": 116995,
    "price_weight": 3,
    "2012_price_mean": 232490,
    "2004_milage_mean": 39695,
    "2009_milage_mean": 41498,
    "2007_milage_mean": 50573,
    "2008_milage_mean": 45548,
    "2012_milage_mean": 25955,
    "price_difference_max": 34780.0,
    "age_min": 4.0,
    "age_max": 14.0,
    "price_difference_min": -34507.0,
    "2005_milage_mean": 83447,
    "sum_rating_max": 2.899470468374161,
    "milage_max": 173000.0,
    "price_min": 87000.0,
    "2005_price_mean": 99816,
    "2014_milage_mean": 11343,
    "milage_weight": 2,
    "age_weight": 1,
    "price_max": 299950.0,
    "2010_price_mean": 179990,
    "sum_rating_min": -5.33524810726523,
    "2010_milage_mean": 14236,
    "2004_price_mean": 96494,
    "2009_price_mean": 144629,
    "2014_price_mean": 285466,
    "2007_price_mean": 116300,
    "2008_price_mean": 122995,
    "milage_min": 6261.0
}