{
    "2013_milage_mean": 95104,
    "price_weight": 3,
    "2012_price_mean": 16963,
    "2012_milage_mean": 106737,
    "price_difference_max": 10175.0,
    "age_min": 0.0,
    "age_max": 8.0,
    "price_difference_min": -12109.0,
    "sum_rating_max": 2.8347768297171836,
    "2016_price_mean": 32560,
    "price_min": 6800.0,
    "2014_milage_mean": 80828,
    "2018_price_mean": 42095,
    "2017_price_mean": 35115,
    "milage_weight": 2,
    "2011_milage_mean": 121767,
    "age_weight": 1,
    "price_max": 53101.0,
    "2010_price_mean": 12507,
    "2016_milage_mean": 34517,
    "2018_milage_mean": 485,
    "2017_milage_mean": 14485,
    "sum_rating_min": -3.6361639222257813,
    "2015_price_mean": 26620,
    "2013_price_mean": 20146,
    "2010_milage_mean": 143736,
    "2015_milage_mean": 57938,
    "2014_price_mean": 22926,
    "milage_max": 236974.0,
    "2011_price_mean": 16043,
    "milage_min": 0.0
}