{
    "2006_milage_mean": 195379,
    "2006_price_mean": 2400,
    "2013_milage_mean": 63530,
    "price_weight": 3,
    "2012_price_mean": 11244,
    "2004_milage_mean": 159000,
    "2009_milage_mean": 132863,
    "2012_milage_mean": 79825,
    "price_difference_max": 0.0,
    "age_min": 0.0,
    "age_max": 14.0,
    "price_difference_min": 0.0,
    "2005_milage_mean": 204826,
    "sum_rating_max": 3.0550477875300857,
    "2016_price_mean": 15818,
    "price_min": 1549.0,
    "2005_price_mean": 2524,
    "2014_milage_mean": 69661,
    "2018_price_mean": 24200,
    "2017_price_mean": 18563,
    "milage_weight": 2,
    "2011_milage_mean": 108949,
    "age_weight": 1,
    "price_max": 31468.0,
    "2010_price_mean": 9290,
    "2016_milage_mean": 42085,
    "2018_milage_mean": 91,
    "2017_milage_mean": 14778,
    "sum_rating_min": -5.694226637722123,
    "2015_price_mean": 14328,
    "2013_price_mean": 12762,
    "2010_milage_mean": 106427,
    "2004_price_mean": 2550,
    "2015_milage_mean": 64574,
    "2009_price_mean": 6304,
    "2014_price_mean": 16649,
    "milage_max": 206653.0,
    "2011_price_mean": 8131,
    "milage_min": 0.0
}