{
    "2006_milage_mean": 199000,
    "2006_price_mean": 4490,
    "2013_milage_mean": 67635,
    "1993_milage_mean": 216360,
    "2019_price_mean": 27133,
    "2012_price_mean": 12940,
    "2009_milage_mean": 145769,
    "2007_milage_mean": 151763,
    "2008_milage_mean": 145724,
    "1999_price_mean": 3000,
    "price_difference_max": 4251.0,
    "age_min": 0.0,
    "age_max": 26.0,
    "price_difference_min": -12034.0,
    "2005_milage_mean": 157750,
    "sum_rating_max": 1.6065629138682707,
    "1999_milage_mean": 190000,
    "price_weight": 3,
    "1993_price_mean": 1000,
    "milage_max": 222044.0,
    "price_min": 1000.0,
    "2005_price_mean": 5900,
    "2014_milage_mean": 92157,
    "2018_price_mean": 27659,
    "2017_price_mean": 18460,
    "milage_weight": 2,
    "2011_milage_mean": 54455,
    "2003_milage_mean": 106011,
    "age_weight": 1,
    "2019_milage_mean": 0,
    "price_max": 36149.0,
    "2010_price_mean": 9879,
    "2018_milage_mean": 2620,
    "2017_milage_mean": 31859,
    "2012_milage_mean": 75853,
    "sum_rating_min": -4.115237705388925,
    "2015_price_mean": 17406,
    "2013_price_mean": 16236,
    "2010_milage_mean": 116291,
    "2015_milage_mean": 46030,
    "2009_price_mean": 9435,
    "2014_price_mean": 15148,
    "2007_price_mean": 7046,
    "2008_price_mean": 9214,
    "2003_price_mean": 5700,
    "2011_price_mean": 12876,
    "milage_min": 0.0
}