{
    "2006_milage_mean": 60731,
    "2006_price_mean": 112098,
    "1969_price_mean": 199000,
    "1966_price_mean": 750000,
    "2002_price_mean": 101950,
    "price_weight": 3,
    "2012_price_mean": 184174,
    "2004_milage_mean": 51295,
    "2009_milage_mean": 38373,
    "2013_milage_mean": 21974,
    "2008_milage_mean": 57141,
    "2012_milage_mean": 27774,
    "price_difference_max": 272907.0,
    "age_min": 0.0,
    "age_max": 61.0,
    "price_difference_min": -358116.0,
    "1969_milage_mean": 6405,
    "2005_milage_mean": 83447,
    "sum_rating_max": 3.9038161529815056,
    "1981_milage_mean": 71520,
    "2002_milage_mean": 64550,
    "2016_price_mean": 288123,
    "milage_max": 173000.0,
    "price_min": 85000.0,
    "2005_price_mean": 99816,
    "2014_milage_mean": 17897,
    "2018_price_mean": 417994,
    "2017_price_mean": 378794,
    "milage_weight": 2,
    "2011_milage_mean": 32532,
    "2003_milage_mean": 59285,
    "1957_price_mean": 393000,
    "age_weight": 1,
    "1981_price_mean": 299000,
    "price_max": 750000.0,
    "2010_price_mean": 169480,
    "2016_milage_mean": 5438,
    "2018_milage_mean": 49,
    "2017_milage_mean": 884,
    "2007_milage_mean": 49050,
    "1957_milage_mean": 38643,
    "1997_milage_mean": 65128,
    "1967_milage_mean": 59515,
    "sum_rating_min": -15.471566799688128,
    "2015_price_mean": 265505,
    "1966_milage_mean": 31027,
    "2013_price_mean": 261400,
    "2010_milage_mean": 31942,
    "2004_price_mean": 103991,
    "1967_price_mean": 650000,
    "2015_milage_mean": 10643,
    "2009_price_mean": 175972,
    "2014_price_mean": 237375,
    "2007_price_mean": 116638,
    "2008_price_mean": 110858,
    "2003_price_mean": 89990,
    "1997_price_mean": 89888,
    "2011_price_mean": 201964,
    "milage_min": 0.0
}