{
    "2006_milage_mean": 62555,
    "2006_price_mean": 110147,
    "2013_milage_mean": 20484,
    "2002_price_mean": 101950,
    "price_weight": 3,
    "2012_price_mean": 179095,
    "2004_milage_mean": 39695,
    "2009_milage_mean": 38373,
    "2007_milage_mean": 47594,
    "2008_milage_mean": 49214,
    "2012_milage_mean": 29048,
    "price_difference_max": 140359.0,
    "age_min": 0.0,
    "age_max": 16.0,
    "price_difference_min": -235795.0,
    "2005_milage_mean": 43734,
    "sum_rating_max": 4.014612666864503,
    "2002_milage_mean": 64550,
    "2016_price_mean": 271945,
    "milage_max": 95000.0,
    "price_min": 85000.0,
    "2005_price_mean": 106245,
    "2014_milage_mean": 16612,
    "2018_price_mean": 426704,
    "2017_price_mean": 370518,
    "milage_weight": 2,
    "2011_milage_mean": 34560,
    "2003_milage_mean": 59285,
    "age_weight": 1,
    "price_max": 575838.0,
    "2010_price_mean": 169480,
    "2016_milage_mean": 5962,
    "2018_milage_mean": 82,
    "2017_milage_mean": 1157,
    "sum_rating_min": -4.866813861447857,
    "2015_price_mean": 261268,
    "2013_price_mean": 257826,
    "2010_milage_mean": 31942,
    "2004_price_mean": 96494,
    "2015_milage_mean": 10671,
    "2009_price_mean": 175972,
    "2014_price_mean": 241058,
    "2007_price_mean": 116845,
    "2008_price_mean": 109096,
    "2003_price_mean": 89990,
    "2011_price_mean": 172622,
    "milage_min": 0.0
}