{
    "2013_milage_mean": 48705,
    "price_weight": 3,
    "2012_price_mean": 21059,
    "2012_milage_mean": 55034,
    "2015_milage_mean": 46083,
    "age_min": 1.0,
    "age_max": 6.0,
    "price_difference_min": -3361.0,
    "sum_rating_max": 3.1140064971828894,
    "price_min": 17500.0,
    "2014_milage_mean": 55457,
    "2017_price_mean": 29485,
    "milage_weight": 2,
    "age_weight": 1,
    "price_max": 30990.0,
    "2017_milage_mean": 11432,
    "sum_rating_min": -3.4118344119309176,
    "2015_price_mean": 26490,
    "2013_price_mean": 21162,
    "2014_price_mean": 22602,
    "milage_max": 81176.0,
    "price_difference_max": 4342.0,
    "milage_min": 8992.0
}