{
    "2013_milage_mean": 55984,
    "price_weight": 3,
    "2012_price_mean": 13355,
    "2012_milage_mean": 81880,
    "2015_milage_mean": 38753,
    "age_min": 1.0,
    "age_max": 8.0,
    "price_difference_min": -10488.0,
    "sum_rating_max": 3.4715657633122885,
    "2016_price_mean": 24522,
    "price_min": 8000.0,
    "2014_milage_mean": 45761,
    "2017_price_mean": 27309,
    "milage_weight": 2,
    "2011_milage_mean": 94019,
    "age_weight": 1,
    "price_max": 37635.0,
    "2010_price_mean": 11511,
    "2016_milage_mean": 18279,
    "price_difference_max": 6766.0,
    "2017_milage_mean": 901,
    "sum_rating_min": -6.333551478851336,
    "2015_price_mean": 21053,
    "2013_price_mean": 16610,
    "2010_milage_mean": 104401,
    "2014_price_mean": 20292,
    "milage_max": 212615.0,
    "2011_price_mean": 12434,
    "milage_min": 0.0
}