{
    "2006_milage_mean": 104301,
    "2006_price_mean": 16846,
    "2013_milage_mean": 37990,
    "2002_price_mean": 13190,
    "price_weight": 3,
    "2012_price_mean": 30907,
    "2004_milage_mean": 123990,
    "2009_milage_mean": 82898,
    "2007_milage_mean": 98419,
    "2008_milage_mean": 96394,
    "2012_milage_mean": 57175,
    "price_difference_max": 13321.0,
    "age_min": 1.0,
    "age_max": 16.0,
    "price_difference_min": -20205.0,
    "2005_milage_mean": 123820,
    "sum_rating_max": 3.129505139541872,
    "2002_milage_mean": 139490,
    "2016_price_mean": 43648,
    "milage_max": 455111.0,
    "price_min": 9990.0,
    "2005_price_mean": 14771,
    "2014_milage_mean": 39150,
    "2017_price_mean": 58436,
    "milage_weight": 2,
    "2011_milage_mean": 82377,
    "2003_milage_mean": 155978,
    "age_weight": 1,
    "price_max": 72387.0,
    "2010_price_mean": 27213,
    "2016_milage_mean": 10774,
    "2017_milage_mean": 641,
    "sum_rating_min": -13.21749591825044,
    "2015_price_mean": 38864,
    "2013_price_mean": 34096,
    "2010_milage_mean": 72917,
    "2004_price_mean": 15669,
    "2015_milage_mean": 22456,
    "2009_price_mean": 23796,
    "2014_price_mean": 34028,
    "2007_price_mean": 17806,
    "2008_price_mean": 18654,
    "2003_price_mean": 13169,
    "2011_price_mean": 28934,
    "milage_min": 0.0
}