{
    "2006_milage_mean": 109574,
    "2006_price_mean": 6825,
    "2013_milage_mean": 65619,
    "2002_price_mean": 3563,
    "price_weight": 3,
    "2012_price_mean": 12137,
    "2004_milage_mean": 118884,
    "2009_milage_mean": 86578,
    "2007_milage_mean": 143472,
    "2008_milage_mean": 134870,
    "2012_milage_mean": 78544,
    "2001_milage_mean": 121500,
    "price_difference_max": 10397.0,
    "age_min": 0.0,
    "age_max": 17.0,
    "price_difference_min": -11836.0,
    "2005_milage_mean": 157998,
    "sum_rating_max": 4.412215857197319,
    "2002_milage_mean": 121314,
    "2016_price_mean": 22359,
    "milage_max": 233300.0,
    "price_min": 2490.0,
    "2005_price_mean": 4893,
    "2014_milage_mean": 47377,
    "2018_price_mean": 24525,
    "2017_price_mean": 25074,
    "milage_weight": 2,
    "2011_milage_mean": 78335,
    "age_weight": 1,
    "price_max": 35400.0,
    "2010_price_mean": 10359,
    "2016_milage_mean": 21578,
    "2018_milage_mean": 60,
    "2017_milage_mean": 732,
    "2001_price_mean": 3150,
    "sum_rating_min": -4.836901280034409,
    "2015_price_mean": 16999,
    "2013_price_mean": 13603,
    "2010_milage_mean": 88890,
    "2004_price_mean": 4996,
    "2015_milage_mean": 34482,
    "2009_price_mean": 8631,
    "2014_price_mean": 13520,
    "2007_price_mean": 6723,
    "2008_price_mean": 6251,
    "2011_price_mean": 11807,
    "milage_min": 0.0
}