{
    "2006_milage_mean": 171278,
    "2006_price_mean": 5906,
    "2013_milage_mean": 67400,
    "2002_price_mean": 3990,
    "price_weight": 3,
    "1998_milage_mean": 98211,
    "2012_price_mean": 12010,
    "2004_milage_mean": 144000,
    "2009_milage_mean": 96000,
    "2007_milage_mean": 129205,
    "2008_milage_mean": 107714,
    "1999_price_mean": 3000,
    "2001_milage_mean": 190053,
    "price_difference_max": 7329.0,
    "age_min": 0.0,
    "age_max": 20.0,
    "price_difference_min": -21133.0,
    "2005_milage_mean": 150000,
    "sum_rating_max": 3.212942292134473,
    "1999_milage_mean": 162523,
    "2002_milage_mean": 111200,
    "2016_price_mean": 18433,
    "milage_max": 211631.0,
    "price_min": 800.0,
    "2005_price_mean": 3999,
    "2014_milage_mean": 58928,
    "2018_price_mean": 22532,
    "2017_price_mean": 25348,
    "milage_weight": 2,
    "2011_milage_mean": 74707,
    "2003_milage_mean": 130731,
    "1998_price_mean": 3990,
    "price_max": 43990.0,
    "2010_price_mean": 9373,
    "2016_milage_mean": 35510,
    "2018_milage_mean": 188,
    "2017_milage_mean": 2190,
    "2001_price_mean": 2200,
    "2012_milage_mean": 76117,
    "sum_rating_min": -8.11359338797634,
    "2015_price_mean": 15854,
    "2013_price_mean": 13544,
    "2010_milage_mean": 89803,
    "2004_price_mean": 3249,
    "2015_milage_mean": 42482,
    "2009_price_mean": 6850,
    "2014_price_mean": 12288,
    "2007_price_mean": 6424,
    "2008_price_mean": 7027,
    "age_weight": 1,
    "2003_price_mean": 2416,
    "2011_price_mean": 10432,
    "milage_min": 0.0
}