{
    "2006_milage_mean": 123281,
    "2006_price_mean": 8990,
    "2013_milage_mean": 88513,
    "2002_price_mean": 3500,
    "price_weight": 3,
    "2019_price_mean": 24184,
    "2012_price_mean": 9913,
    "2004_milage_mean": 162500,
    "2007_milage_mean": 280398,
    "2008_milage_mean": 106702,
    "2012_milage_mean": 86533,
    "price_difference_max": 6738.0,
    "age_min": 0.0,
    "age_max": 17.0,
    "price_difference_min": -19853.0,
    "sum_rating_max": 2.392184323571259,
    "2002_milage_mean": 99000,
    "2016_price_mean": 16815,
    "milage_max": 280398.0,
    "price_min": 2500.0,
    "2014_milage_mean": 48688,
    "2018_price_mean": 25013,
    "2017_price_mean": 19826,
    "milage_weight": 2,
    "2011_milage_mean": 107837,
    "2003_milage_mean": 118907,
    "age_weight": 1,
    "2019_milage_mean": 180,
    "price_max": 42990.0,
    "2010_price_mean": 10195,
    "2016_milage_mean": 48561,
    "2018_milage_mean": 489,
    "2017_milage_mean": 14365,
    "sum_rating_min": -6.70713143071462,
    "2015_price_mean": 16323,
    "2013_price_mean": 9080,
    "2010_milage_mean": 94793,
    "2004_price_mean": 2500,
    "2015_milage_mean": 54251,
    "2014_price_mean": 11794,
    "2007_price_mean": 3600,
    "2008_price_mean": 6000,
    "2003_price_mean": 3000,
    "2011_price_mean": 9916,
    "milage_min": 0.0
}