{
    "1996_price_mean": 2700,
    "2006_price_mean": 10262,
    "2013_milage_mean": 98145,
    "2002_price_mean": 6846,
    "price_weight": 3,
    "1998_milage_mean": 177758,
    "2012_price_mean": 17463,
    "2004_milage_mean": 209456,
    "2009_milage_mean": 130796,
    "2007_milage_mean": 159041,
    "2008_milage_mean": 156917,
    "1999_price_mean": 2700,
    "1995_milage_mean": 283792,
    "2001_milage_mean": 231729,
    "price_difference_max": 9024.0,
    "age_weight": 1,
    "age_min": 0.0,
    "age_max": 23.0,
    "price_difference_min": -26678.0,
    "2005_milage_mean": 192808,
    "sum_rating_max": 2.382374545489559,
    "1999_milage_mean": 226328,
    "2002_milage_mean": 200946,
    "2016_price_mean": 30093,
    "milage_max": 588334.0,
    "price_min": 1000.0,
    "2005_price_mean": 7261,
    "2014_milage_mean": 86270,
    "2018_price_mean": 48159,
    "2017_price_mean": 41813,
    "milage_weight": 2,
    "2011_milage_mean": 122466,
    "2003_milage_mean": 192892,
    "1998_price_mean": 3998,
    "2012_milage_mean": 108890,
    "price_max": 57061.0,
    "2000_milage_mean": 222257,
    "2010_price_mean": 14524,
    "2016_milage_mean": 37892,
    "2018_milage_mean": 0,
    "2017_milage_mean": 6384,
    "1995_price_mean": 1400,
    "2001_price_mean": 5673,
    "1997_milage_mean": 239542,
    "2000_price_mean": 4196,
    "sum_rating_min": -13.177927856779156,
    "2015_price_mean": 28530,
    "2013_price_mean": 21819,
    "2010_milage_mean": 135387,
    "2004_price_mean": 6804,
    "2015_milage_mean": 55372,
    "1996_milage_mean": 218000,
    "2009_price_mean": 13812,
    "2014_price_mean": 25286,
    "2007_price_mean": 11792,
    "2008_price_mean": 11901,
    "2006_milage_mean": 169668,
    "2003_price_mean": 6969,
    "1997_price_mean": 1000,
    "2011_price_mean": 15642,
    "milage_min": 0.0
}