{
    "2006_milage_mean": 280728,
    "2006_price_mean": 9000,
    "2013_milage_mean": 69845,
    "price_weight": 3,
    "2012_price_mean": 29286,
    "2009_milage_mean": 71606,
    "2007_milage_mean": 161467,
    "2008_milage_mean": 115645,
    "2012_milage_mean": 76659,
    "price_difference_max": 15619.0,
    "age_min": 0.0,
    "age_max": 12.0,
    "price_difference_min": -19220.0,
    "sum_rating_max": 2.409136160306904,
    "2016_price_mean": 50998,
    "milage_max": 280728.0,
    "price_min": 8850.0,
    "2014_milage_mean": 63678,
    "2018_price_mean": 75676,
    "2017_price_mean": 58216,
    "milage_weight": 2,
    "2011_milage_mean": 91904,
    "age_weight": 1,
    "price_max": 85726.0,
    "2010_price_mean": 19310,
    "2016_milage_mean": 8187,
    "2018_milage_mean": 280,
    "2017_milage_mean": 4272,
    "sum_rating_min": -5.674061561512511,
    "2015_price_mean": 39951,
    "2013_price_mean": 30357,
    "2010_milage_mean": 108532,
    "2015_milage_mean": 46800,
    "2009_price_mean": 17627,
    "2014_price_mean": 33229,
    "2007_price_mean": 10959,
    "2008_price_mean": 12850,
    "2011_price_mean": 21170,
    "milage_min": 0.0
}