{
    "2013_milage_mean": 60281,
    "price_weight": 3,
    "2012_price_mean": 20470,
    "2012_milage_mean": 111372,
    "2015_milage_mean": 56337,
    "age_min": 2.0,
    "age_max": 9.0,
    "price_difference_min": -9729.0,
    "sum_rating_max": 2.675711890649603,
    "2016_price_mean": 38143,
    "price_min": 13990.0,
    "2014_milage_mean": 87043,
    "2017_price_mean": 51433,
    "milage_weight": 2,
    "2011_milage_mean": 131371,
    "age_weight": 1,
    "price_max": 56900.0,
    "2010_price_mean": 17661,
    "2016_milage_mean": 71835,
    "price_difference_max": 9947.0,
    "2017_milage_mean": 7242,
    "sum_rating_min": -2.828178673426994,
    "2015_price_mean": 35388,
    "2013_price_mean": 26700,
    "2010_milage_mean": 126269,
    "2014_price_mean": 29263,
    "milage_max": 186500.0,
    "2011_price_mean": 17293,
    "milage_min": 3572.0
}