{
    "2006_milage_mean": 175782,
    "2006_price_mean": 10436,
    "2013_milage_mean": 69592,
    "price_weight": 3,
    "2012_price_mean": 30700,
    "2009_milage_mean": 104050,
    "2007_milage_mean": 163929,
    "2008_milage_mean": 137017,
    "2012_milage_mean": 68411,
    "price_difference_max": 15464.0,
    "age_min": 0.0,
    "age_max": 12.0,
    "price_difference_min": -23119.0,
    "sum_rating_max": 2.5184930950631204,
    "2016_price_mean": 60466,
    "milage_max": 273000.0,
    "price_min": 6500.0,
    "2014_milage_mean": 69019,
    "2018_price_mean": 77928,
    "2017_price_mean": 68942,
    "milage_weight": 2,
    "2011_milage_mean": 95129,
    "age_weight": 1,
    "price_max": 86770.0,
    "2010_price_mean": 19827,
    "2016_milage_mean": 10603,
    "2018_milage_mean": 0,
    "2017_milage_mean": 2284,
    "sum_rating_min": -5.1752583485220045,
    "2015_price_mean": 45933,
    "2013_price_mean": 34395,
    "2010_milage_mean": 113458,
    "2015_milage_mean": 42198,
    "2009_price_mean": 20312,
    "2014_price_mean": 35329,
    "2007_price_mean": 9366,
    "2008_price_mean": 13456,
    "2011_price_mean": 24479,
    "milage_min": 0.0
}