{
    "2006_milage_mean": 181866,
    "2006_price_mean": 10196,
    "2013_milage_mean": 79547,
    "price_weight": 3,
    "2012_price_mean": 30228,
    "2009_milage_mean": 110463,
    "2007_milage_mean": 163929,
    "2008_milage_mean": 129365,
    "2012_milage_mean": 69461,
    "price_difference_max": 16145.0,
    "age_min": 0.0,
    "age_max": 12.0,
    "price_difference_min": -23602.0,
    "sum_rating_max": 2.4363449450960823,
    "2016_price_mean": 59472,
    "milage_max": 273000.0,
    "price_min": 6500.0,
    "2014_milage_mean": 68749,
    "2018_price_mean": 77652,
    "2017_price_mean": 68408,
    "milage_weight": 2,
    "2011_milage_mean": 95433,
    "age_weight": 1,
    "price_max": 86770.0,
    "2010_price_mean": 19755,
    "2016_milage_mean": 9118,
    "2018_milage_mean": 0,
    "2017_milage_mean": 2486,
    "sum_rating_min": -5.1063481361996335,
    "2015_price_mean": 45246,
    "2013_price_mean": 32936,
    "2010_milage_mean": 109978,
    "2015_milage_mean": 37867,
    "2009_price_mean": 19399,
    "2014_price_mean": 36498,
    "2007_price_mean": 9366,
    "2008_price_mean": 14046,
    "2011_price_mean": 23087,
    "milage_min": 0.0
}