{
    "2013_milage_mean": 60281,
    "price_weight": 3,
    "2012_price_mean": 20293,
    "2012_milage_mean": 102796,
    "2015_milage_mean": 56337,
    "age_min": 2.0,
    "age_max": 9.0,
    "price_difference_min": -8739.0,
    "sum_rating_max": 2.6908236247005517,
    "2016_price_mean": 38143,
    "price_min": 13990.0,
    "2014_milage_mean": 80051,
    "2017_price_mean": 51433,
    "milage_weight": 2,
    "2011_milage_mean": 145153,
    "age_weight": 1,
    "price_max": 56900.0,
    "2010_price_mean": 17565,
    "2016_milage_mean": 71835,
    "price_difference_max": 10082.0,
    "2017_milage_mean": 7242,
    "sum_rating_min": -2.862140810828842,
    "2015_price_mean": 35388,
    "2013_price_mean": 26700,
    "2010_milage_mean": 125448,
    "2014_price_mean": 31156,
    "milage_max": 186500.0,
    "2011_price_mean": 16967,
    "milage_min": 3572.0
}