{
    "2006_milage_mean": 121000,
    "2006_price_mean": 14990,
    "price_weight": 3,
    "2004_milage_mean": 152033,
    "2015_milage_mean": 24731,
    "age_min": 0.0,
    "age_max": 14.0,
    "price_difference_min": -6165.0,
    "sum_rating_max": 2.082045565550538,
    "2016_price_mean": 57731,
    "price_min": 7000.0,
    "2018_price_mean": 69990,
    "2017_price_mean": 64585,
    "milage_weight": 2,
    "age_weight": 1,
    "price_max": 69990.0,
    "2016_milage_mean": 16003,
    "2018_milage_mean": 3504,
    "2017_milage_mean": 4474,
    "sum_rating_min": -1.1673818543067849,
    "2015_price_mean": 54925,
    "2004_price_mean": 10000,
    "milage_max": 159066.0,
    "price_difference_max": 10926.0,
    "milage_min": 0.0
}