{
    "2013_milage_mean": 131344,
    "price_weight": 3,
    "2012_price_mean": 12135,
    "2009_milage_mean": 91904,
    "2012_milage_mean": 86553,
    "2015_milage_mean": 45130,
    "age_min": 3.0,
    "age_max": 9.0,
    "price_difference_min": 0.0,
    "sum_rating_max": 2.9890876568639815,
    "price_min": 4500.0,
    "2014_milage_mean": 52666,
    "milage_weight": 2,
    "2011_milage_mean": 111180,
    "age_weight": 1,
    "price_max": 24009.0,
    "2010_price_mean": 6963,
    "price_difference_max": 0.0,
    "sum_rating_min": -3.2293933558049543,
    "2015_price_mean": 19329,
    "2013_price_mean": 13245,
    "2010_milage_mean": 142419,
    "2009_price_mean": 8997,
    "2014_price_mean": 19500,
    "milage_max": 222000.0,
    "2011_price_mean": 11570,
    "milage_min": 36941.0
}