{
    "2006_milage_mean": 142450,
    "2006_price_mean": 7250,
    "2013_milage_mean": 79745,
    "price_weight": 3,
    "2019_price_mean": 47730,
    "2012_price_mean": 13399,
    "2004_milage_mean": 198000,
    "2009_milage_mean": 157500,
    "2007_milage_mean": 115499,
    "2012_milage_mean": 112091,
    "price_difference_max": 0.0,
    "age_min": 0.0,
    "age_max": 16.0,
    "price_difference_min": 0.0,
    "2005_milage_mean": 107697,
    "sum_rating_max": 2.7013316215178964,
    "2016_price_mean": 24996,
    "milage_max": 262850.0,
    "price_min": 3800.0,
    "2005_price_mean": 10326,
    "2014_milage_mean": 49888,
    "2018_price_mean": 41500,
    "2017_price_mean": 31880,
    "milage_weight": 2,
    "2011_milage_mean": 262850,
    "2003_milage_mean": 260000,
    "age_weight": 1,
    "2019_milage_mean": 0,
    "price_max": 54788.0,
    "2016_milage_mean": 55733,
    "2018_milage_mean": 4202,
    "2017_milage_mean": 30671,
    "sum_rating_min": -4.388681845093327,
    "2015_price_mean": 18000,
    "2013_price_mean": 16343,
    "2004_price_mean": 4200,
    "2015_milage_mean": 156000,
    "2009_price_mean": 5900,
    "2014_price_mean": 21656,
    "2007_price_mean": 10145,
    "2003_price_mean": 3800,
    "2011_price_mean": 5000,
    "milage_min": 0.0
}