{
    "2006_milage_mean": 160900,
    "2006_price_mean": 4500,
    "2013_milage_mean": 90234,
    "price_weight": 3,
    "2019_price_mean": 47696,
    "2012_price_mean": 13399,
    "2004_milage_mean": 198000,
    "2009_milage_mean": 157500,
    "2007_milage_mean": 119998,
    "2012_milage_mean": 112091,
    "price_difference_max": 12729.0,
    "age_min": 0.0,
    "age_max": 16.0,
    "price_difference_min": -16967.0,
    "2005_milage_mean": 103495,
    "sum_rating_max": 2.8391879107605487,
    "2016_price_mean": 26245,
    "milage_max": 262850.0,
    "price_min": 3800.0,
    "2005_price_mean": 9293,
    "2014_milage_mean": 46484,
    "2018_price_mean": 42722,
    "2017_price_mean": 31880,
    "milage_weight": 2,
    "2011_milage_mean": 262850,
    "2003_milage_mean": 260000,
    "age_weight": 1,
    "2019_milage_mean": 0,
    "price_max": 54788.0,
    "2016_milage_mean": 46973,
    "2018_milage_mean": 3364,
    "2017_milage_mean": 30671,
    "sum_rating_min": -4.186293511939435,
    "2015_price_mean": 18000,
    "2013_price_mean": 16343,
    "2004_price_mean": 4200,
    "2015_milage_mean": 156000,
    "2009_price_mean": 5900,
    "2014_price_mean": 22490,
    "2007_price_mean": 7290,
    "2003_price_mean": 3800,
    "2011_price_mean": 5000,
    "milage_min": 0.0
}