{
    "2013_milage_mean": 76016,
    "price_weight": 3,
    "2019_price_mean": 24800,
    "2012_price_mean": 11999,
    "2012_milage_mean": 132867,
    "price_difference_max": 0.0,
    "age_min": 0.0,
    "age_max": 7.0,
    "price_difference_min": 0.0,
    "sum_rating_max": 4.721192286863745,
    "2016_price_mean": 31879,
    "price_min": 11999.0,
    "2014_milage_mean": 54004,
    "2018_price_mean": 43807,
    "2017_price_mean": 22480,
    "milage_weight": 2,
    "age_weight": 1,
    "2019_milage_mean": 1650,
    "price_max": 51680.0,
    "2016_milage_mean": 67274,
    "2018_milage_mean": 4633,
    "2017_milage_mean": 49239,
    "sum_rating_min": -3.8044658369296163,
    "2015_price_mean": 24496,
    "2013_price_mean": 16945,
    "2014_price_mean": 19656,
    "milage_max": 132867.0,
    "2015_milage_mean": 48826,
    "milage_min": 0.0
}