{
    "2006_milage_mean": 148781,
    "2006_price_mean": 11679,
    "2013_milage_mean": 66858,
    "2002_price_mean": 3518,
    "price_weight": 3,
    "2012_price_mean": 17342,
    "2004_milage_mean": 128881,
    "2009_milage_mean": 112314,
    "2007_milage_mean": 143639,
    "2008_milage_mean": 126937,
    "1999_price_mean": 3450,
    "2001_milage_mean": 198770,
    "price_difference_max": 0.0,
    "age_min": 0.0,
    "age_max": 19.0,
    "price_difference_min": 0.0,
    "2005_milage_mean": 162047,
    "sum_rating_max": 3.8824373505205787,
    "1999_milage_mean": 152388,
    "2002_milage_mean": 176077,
    "2016_price_mean": 34276,
    "milage_max": 323500.0,
    "price_min": 1200.0,
    "2005_price_mean": 6604,
    "2014_milage_mean": 60796,
    "2018_price_mean": 39885,
    "2017_price_mean": 39482,
    "milage_weight": 2,
    "2011_milage_mean": 92921,
    "2003_milage_mean": 136045,
    "age_weight": 1,
    "2012_milage_mean": 81396,
    "price_max": 67976.0,
    "2000_milage_mean": 149550,
    "2010_price_mean": 15312,
    "2016_milage_mean": 29278,
    "2018_milage_mean": 113,
    "2017_milage_mean": 978,
    "2001_price_mean": 3287,
    "2000_price_mean": 3871,
    "sum_rating_min": -7.824836663589106,
    "2015_price_mean": 28982,
    "2013_price_mean": 18531,
    "2010_milage_mean": 103217,
    "2004_price_mean": 10994,
    "2015_milage_mean": 44034,
    "2009_price_mean": 11233,
    "2014_price_mean": 25796,
    "2007_price_mean": 11556,
    "2008_price_mean": 11622,
    "2003_price_mean": 4011,
    "2011_price_mean": 17003,
    "milage_min": 0.0
}