{
    "2013_milage_mean": 130408,
    "price_weight": 3,
    "2015_milage_mean": 52402,
    "age_min": 0.0,
    "age_max": 5.0,
    "price_difference_min": -23982.0,
    "sum_rating_max": 3.7165356755352272,
    "2016_price_mean": 21990,
    "price_min": 7888.0,
    "2014_milage_mean": 119592,
    "2018_price_mean": 48361,
    "2017_price_mean": 40153,
    "milage_weight": 2,
    "age_weight": 1,
    "price_max": 67123.0,
    "2016_milage_mean": 41808,
    "2018_milage_mean": 142,
    "2017_milage_mean": 880,
    "sum_rating_min": -8.354057891789953,
    "2015_price_mean": 27815,
    "2013_price_mean": 12950,
    "2014_price_mean": 16525,
    "milage_max": 251050.0,
    "price_difference_max": 17644.0,
    "milage_min": 0.0
}