{
    "2013_milage_mean": 76016,
    "price_weight": 3,
    "2019_price_mean": 24800,
    "2012_price_mean": 11999,
    "2012_milage_mean": 132867,
    "price_difference_max": 5066.0,
    "age_min": 0.0,
    "age_max": 7.0,
    "price_difference_min": -10507.0,
    "sum_rating_max": 2.7946462304725253,
    "2016_price_mean": 22750,
    "price_min": 11999.0,
    "2014_milage_mean": 54004,
    "2018_price_mean": 23400,
    "2017_price_mean": 22480,
    "milage_weight": 2,
    "age_weight": 1,
    "2019_milage_mean": 1650,
    "price_max": 31888.0,
    "2016_milage_mean": 32000,
    "2018_milage_mean": 1510,
    "2017_milage_mean": 49239,
    "sum_rating_min": -5.8767873696824005,
    "2015_price_mean": 24496,
    "2013_price_mean": 16945,
    "2014_price_mean": 19656,
    "milage_max": 132867.0,
    "2015_milage_mean": 48826,
    "milage_min": 1510.0
}