{
    "2013_milage_mean": 86887,
    "price_weight": 3,
    "2012_price_mean": 13957,
    "2012_milage_mean": 96245,
    "price_difference_max": 8698.0,
    "age_min": 0.0,
    "age_max": 8.0,
    "price_difference_min": -9442.0,
    "sum_rating_max": 2.4594148355519327,
    "2016_price_mean": 26753,
    "price_min": 6500.0,
    "2014_milage_mean": 125317,
    "2018_price_mean": 41646,
    "2017_price_mean": 38103,
    "milage_weight": 2,
    "2011_milage_mean": 114648,
    "age_weight": 1,
    "price_max": 48790.0,
    "2010_price_mean": 11084,
    "2016_milage_mean": 48288,
    "2018_milage_mean": 736,
    "2017_milage_mean": 6438,
    "sum_rating_min": -3.155104080909698,
    "2015_price_mean": 20083,
    "2013_price_mean": 15898,
    "2010_milage_mean": 111171,
    "2015_milage_mean": 33851,
    "2014_price_mean": 16480,
    "milage_max": 251050.0,
    "2011_price_mean": 13083,
    "milage_min": 0.0
}