{
    "2006_milage_mean": 110762,
    "2006_price_mean": 43307,
    "2013_milage_mean": 40611,
    "price_weight": 3,
    "2009_milage_mean": 78404,
    "2007_milage_mean": 60715,
    "2008_milage_mean": 72682,
    "2015_milage_mean": 16001,
    "age_min": 2.0,
    "age_max": 12.0,
    "price_difference_min": -65424.0,
    "sum_rating_max": 3.625621851010372,
    "2016_price_mean": 183908,
    "milage_max": 157000.0,
    "price_min": 36650.0,
    "2014_milage_mean": 25752,
    "milage_weight": 2,
    "2011_milage_mean": 61967,
    "age_weight": 1,
    "price_max": 229000.0,
    "2010_price_mean": 69661,
    "2016_milage_mean": 11601,
    "price_difference_max": 60785.0,
    "sum_rating_min": -4.554823635972361,
    "2015_price_mean": 146834,
    "2013_price_mean": 96000,
    "2010_milage_mean": 77770,
    "2009_price_mean": 56133,
    "2014_price_mean": 94407,
    "2007_price_mean": 54097,
    "2008_price_mean": 47441,
    "2011_price_mean": 79354,
    "milage_min": 1388.0
}