{
    "2013_milage_mean": 38019,
    "price_weight": 3,
    "2012_price_mean": 179495,
    "2009_milage_mean": 44552,
    "2008_milage_mean": 47339,
    "2012_milage_mean": 39075,
    "price_difference_max": 99899.0,
    "age_min": 0.0,
    "age_max": 10.0,
    "price_difference_min": -109832.0,
    "sum_rating_max": 3.3100625629124716,
    "2016_price_mean": 288694,
    "price_min": 104990.0,
    "2014_milage_mean": 21213,
    "2018_price_mean": 385299,
    "2017_price_mean": 355458,
    "milage_weight": 2,
    "2011_milage_mean": 49199,
    "age_weight": 1,
    "price_max": 459101.0,
    "2010_price_mean": 174696,
    "2016_milage_mean": 7685,
    "2018_milage_mean": 254,
    "2017_milage_mean": 1992,
    "sum_rating_min": -3.573457629795543,
    "2015_price_mean": 198626,
    "2013_price_mean": 179997,
    "2010_milage_mean": 42493,
    "2015_milage_mean": 10818,
    "2009_price_mean": 153147,
    "2014_price_mean": 254947,
    "milage_max": 97000.0,
    "2008_price_mean": 124595,
    "2011_price_mean": 143953,
    "milage_min": 0.0
}