{
    "2013_milage_mean": 70407,
    "price_weight": 3,
    "2012_price_mean": 29276,
    "2009_milage_mean": 121718,
    "2012_milage_mean": 91876,
    "price_difference_max": 18445.0,
    "age_min": 0.0,
    "age_max": 9.0,
    "price_difference_min": -16838.0,
    "sum_rating_max": 2.6929277839007946,
    "2016_price_mean": 52578,
    "price_min": 12000.0,
    "2014_milage_mean": 63791,
    "2018_price_mean": 77037,
    "2017_price_mean": 67041,
    "milage_weight": 2,
    "2011_milage_mean": 100594,
    "age_weight": 1,
    "price_max": 89400.0,
    "2010_price_mean": 21150,
    "2016_milage_mean": 21048,
    "2018_milage_mean": 748,
    "2017_milage_mean": 7843,
    "sum_rating_min": -4.171283767203212,
    "2015_price_mean": 41402,
    "2013_price_mean": 34163,
    "2010_milage_mean": 115442,
    "2015_milage_mean": 47427,
    "2009_price_mean": 20126,
    "2014_price_mean": 37711,
    "milage_max": 220100.0,
    "2011_price_mean": 24351,
    "milage_min": 0.0
}