{
    "2006_milage_mean": 158939,
    "2006_price_mean": 7990,
    "2013_milage_mean": 64464,
    "price_weight": 3,
    "2012_price_mean": 18951,
    "2004_milage_mean": 202872,
    "2009_milage_mean": 114335,
    "2007_milage_mean": 158000,
    "2008_milage_mean": 218339,
    "2012_milage_mean": 48634,
    "price_difference_max": 11854.0,
    "age_min": 1.0,
    "age_max": 14.0,
    "price_difference_min": -15736.0,
    "sum_rating_max": 2.8806027461962085,
    "2016_price_mean": 35200,
    "milage_max": 346000.0,
    "price_min": 5000.0,
    "2014_milage_mean": 68465,
    "2017_price_mean": 39871,
    "milage_weight": 2,
    "age_weight": 1,
    "price_max": 50724.0,
    "2010_price_mean": 15310,
    "2016_milage_mean": 16201,
    "2017_milage_mean": 703,
    "sum_rating_min": -5.073784220392378,
    "2015_price_mean": 21447,
    "2013_price_mean": 19877,
    "2010_milage_mean": 96334,
    "2004_price_mean": 6600,
    "2009_price_mean": 13595,
    "2014_price_mean": 21588,
    "2007_price_mean": 8500,
    "2008_price_mean": 6965,
    "2015_milage_mean": 38162,
    "milage_min": 0.0
}