{
    "1996_price_mean": 4162,
    "2006_price_mean": 13076,
    "2013_milage_mean": 66590,
    "2002_price_mean": 8912,
    "1990_price_mean": 14333,
    "1998_milage_mean": 242618,
    "2012_price_mean": 32172,
    "1991_milage_mean": 205500,
    "2004_milage_mean": 147058,
    "2009_milage_mean": 102049,
    "2007_milage_mean": 122604,
    "2008_milage_mean": 107317,
    "1999_price_mean": 4631,
    "1995_milage_mean": 212657,
    "2001_milage_mean": 162037,
    "price_difference_max": 24570.0,
    "age_weight": 1,
    "age_min": 0.0,
    "age_max": 33.0,
    "price_difference_min": -57392.0,
    "1988_price_mean": 19163,
    "1994_milage_mean": 218550,
    "2005_milage_mean": 145840,
    "sum_rating_max": 2.900163178118069,
    "1992_milage_mean": 120150,
    "1985_price_mean": 7500,
    "1993_milage_mean": 287500,
    "2002_milage_mean": 138200,
    "1993_price_mean": 3650,
    "2016_price_mean": 62202,
    "milage_max": 384108.0,
    "price_min": 500.0,
    "2005_price_mean": 9424,
    "2014_milage_mean": 51373,
    "2018_price_mean": 76573,
    "2017_price_mean": 69719,
    "1990_milage_mean": 213078,
    "2011_milage_mean": 83493,
    "2003_milage_mean": 179560,
    "1989_milage_mean": 228643,
    "1998_price_mean": 4038,
    "2012_milage_mean": 69647,
    "price_max": 104842.0,
    "1994_price_mean": 4075,
    "milage_weight": 2,
    "2000_milage_mean": 179939,
    "2010_price_mean": 20573,
    "2016_milage_mean": 12374,
    "2018_milage_mean": 20,
    "2017_milage_mean": 2274,
    "1995_price_mean": 4725,
    "1988_milage_mean": 146253,
    "2001_price_mean": 6162,
    "1991_price_mean": 9449,
    "price_weight": 3,
    "1989_price_mean": 18950,
    "1999_milage_mean": 167162,
    "1997_milage_mean": 228539,
    "2000_price_mean": 5469,
    "sum_rating_min": -7.143167954850576,
    "2015_price_mean": 46971,
    "2013_price_mean": 35692,
    "1985_milage_mean": 153000,
    "1992_price_mean": 17875,
    "2010_milage_mean": 95748,
    "2004_price_mean": 8839,
    "2015_milage_mean": 35144,
    "1996_milage_mean": 206900,
    "2009_price_mean": 21038,
    "2014_price_mean": 38041,
    "2007_price_mean": 16354,
    "2008_price_mean": 18981,
    "2006_milage_mean": 127898,
    "2003_price_mean": 7291,
    "1997_price_mean": 3357,
    "2011_price_mean": 25425,
    "milage_min": 0.0
}