{
    "1996_price_mean": 2900,
    "2002_price_mean": 5999,
    "price_weight": 3,
    "2004_milage_mean": 105791,
    "2005_milage_mean": 113000,
    "2001_milage_mean": 128000,
    "price_difference_max": 13291.0,
    "age_min": 0.0,
    "age_max": 22.0,
    "price_difference_min": -8046.0,
    "sum_rating_max": 1.6903627103767351,
    "1999_milage_mean": 133225,
    "2002_milage_mean": 134387,
    "1999_price_mean": 4200,
    "price_min": 2900.0,
    "2005_price_mean": 4500,
    "2018_price_mean": 67507,
    "2017_price_mean": 61048,
    "milage_weight": 2,
    "2003_milage_mean": 132379,
    "age_weight": 1,
    "price_max": 71192.0,
    "2000_milage_mean": 125166,
    "2018_milage_mean": 0,
    "2017_milage_mean": 2377,
    "2001_price_mean": 5000,
    "2000_price_mean": 4800,
    "sum_rating_min": -0.8772087122339371,
    "2004_price_mean": 7847,
    "1996_milage_mean": 106000,
    "milage_max": 141000.0,
    "2003_price_mean": 5830,
    "milage_min": 0.0
}