{
    "2013_milage_mean": 62795,
    "price_weight": 3,
    "2012_price_mean": 7443,
    "2008_milage_mean": 208936,
    "2012_milage_mean": 102088,
    "price_difference_max": 2824.0,
    "age_min": 6.0,
    "age_max": 11.0,
    "price_difference_min": -1484.0,
    "sum_rating_max": 7.881792873034772,
    "price_min": 3750.0,
    "milage_weight": 2,
    "2011_milage_mean": 96314,
    "age_weight": 1,
    "price_max": 7995.0,
    "2010_price_mean": 6121,
    "sum_rating_min": -7.325768629883284,
    "2013_price_mean": 5650,
    "2010_milage_mean": 121703,
    "milage_max": 208936.0,
    "2008_price_mean": 6800,
    "2011_price_mean": 7081,
    "milage_min": 28000.0
}