{
    "2006_milage_mean": 13768,
    "2006_price_mean": 69000,
    "1969_price_mean": 55660,
    "1966_price_mean": 42833,
    "2002_price_mean": 30822,
    "price_weight": 3,
    "1998_milage_mean": 52866,
    "1973_milage_mean": 58250,
    "2009_milage_mean": 4500,
    "2007_milage_mean": 110000,
    "2008_milage_mean": 29000,
    "2001_milage_mean": 162200,
    "price_difference_max": 35536.0,
    "age_min": 0.0,
    "1970_price_mean": 35300,
    "age_max": 54.0,
    "price_difference_min": -130534.0,
    "1988_price_mean": 18999,
    "1969_milage_mean": 52943,
    "1965_milage_mean": 40347,
    "sum_rating_max": 4.671744701533285,
    "2002_milage_mean": 98260,
    "2016_price_mean": 49930,
    "milage_max": 162200.0,
    "price_min": 17990.0,
    "2014_milage_mean": 17300,
    "2018_price_mean": 74616,
    "2017_price_mean": 60510,
    "milage_weight": 2,
    "1998_price_mean": 28500,
    "price_max": 195000.0,
    "1973_price_mean": 26995,
    "2016_milage_mean": 17176,
    "2018_milage_mean": 156,
    "2017_milage_mean": 1861,
    "1988_milage_mean": 29430,
    "2001_price_mean": 25999,
    "1997_milage_mean": 87650,
    "1967_milage_mean": 18379,
    "sum_rating_min": -26.79335592874232,
    "2015_price_mean": 48866,
    "1966_milage_mean": 51348,
    "1970_milage_mean": 52331,
    "1964_milage_mean": 26788,
    "1967_price_mean": 48733,
    "2009_price_mean": 195000,
    "1964_price_mean": 69250,
    "2014_price_mean": 125000,
    "2007_price_mean": 30000,
    "2008_price_mean": 75000,
    "age_weight": 1,
    "1997_price_mean": 31990,
    "2015_milage_mean": 20474,
    "milage_min": 0.0,
    "1965_price_mean": 63185
}