{
    "2013_milage_mean": 49850,
    "price_weight": 3,
    "2015_milage_mean": 9897,
    "age_min": 1.0,
    "age_max": 8.0,
    "price_difference_min": -43771.0,
    "sum_rating_max": 2.028122648174618,
    "2016_price_mean": 329990,
    "price_min": 148888.0,
    "2014_milage_mean": 20755,
    "2017_price_mean": 415448,
    "milage_weight": 2,
    "2011_milage_mean": 41000,
    "age_weight": 1,
    "price_max": 429000.0,
    "2010_price_mean": 159990,
    "2016_milage_mean": 2378,
    "price_difference_max": 60444.0,
    "2017_milage_mean": 514,
    "sum_rating_min": -1.348049783691966,
    "2015_price_mean": 255811,
    "2013_price_mean": 199000,
    "2010_milage_mean": 42366,
    "2014_price_mean": 249945,
    "milage_max": 49850.0,
    "2011_price_mean": 148888,
    "milage_min": 0.0
}