{
    "2013_milage_mean": 71618,
    "price_weight": 3,
    "2012_price_mean": 8630,
    "2012_milage_mean": 93104,
    "2015_milage_mean": 51136,
    "age_min": 3.0,
    "age_max": 8.0,
    "price_difference_min": -3778.0,
    "sum_rating_max": 5.293043119890939,
    "price_min": 4550.0,
    "2014_milage_mean": 54247,
    "milage_weight": 2,
    "2011_milage_mean": 93503,
    "age_weight": 1,
    "price_max": 14961.0,
    "2010_price_mean": 9261,
    "price_difference_max": 4008.0,
    "sum_rating_min": -5.205577282134614,
    "2015_price_mean": 11091,
    "2013_price_mean": 8873,
    "2010_milage_mean": 68394,
    "2014_price_mean": 10388,
    "milage_max": 195569.0,
    "2011_price_mean": 8614,
    "milage_min": 7300.0
}