{
    "2006_milage_mean": 131337,
    "2006_price_mean": 11629,
    "price_weight": 3,
    "2009_milage_mean": 108208,
    "2007_milage_mean": 120614,
    "2008_milage_mean": 97975,
    "price_difference_max": 6425.0,
    "age_min": 7.0,
    "age_max": 12.0,
    "price_difference_min": -9330.0,
    "sum_rating_max": 3.996778856935817,
    "milage_max": 174000.0,
    "price_min": 6400.0,
    "milage_weight": 2,
    "2011_milage_mean": 70000,
    "age_weight": 1,
    "price_max": 27999.0,
    "2010_price_mean": 16700,
    "sum_rating_min": -5.54718041438248,
    "2010_milage_mean": 112082,
    "2009_price_mean": 16277,
    "2007_price_mean": 12432,
    "2008_price_mean": 20996,
    "2011_price_mean": 22500,
    "milage_min": 50050.0
}