{
    "2006_milage_mean": 139000,
    "2006_price_mean": 6990,
    "price_weight": 3,
    "2019_price_mean": 24500,
    "2009_milage_mean": 85335,
    "2007_milage_mean": 114003,
    "2008_milage_mean": 44800,
    "price_difference_max": 1465.0,
    "age_min": 0.0,
    "age_max": 19.0,
    "price_difference_min": -2791.0,
    "sum_rating_max": 1.6810826794065425,
    "2016_price_mean": 19000,
    "milage_max": 156000.0,
    "price_min": 2800.0,
    "2018_price_mean": 24500,
    "2017_price_mean": 19990,
    "milage_weight": 2,
    "age_weight": 1,
    "2019_milage_mean": 2056,
    "price_max": 24500.0,
    "2016_milage_mean": 19000,
    "2018_milage_mean": 2888,
    "2017_milage_mean": 33166,
    "2000_price_mean": 2800,
    "sum_rating_min": -0.9142820159939502,
    "2015_price_mean": 16990,
    "2009_price_mean": 9490,
    "2007_price_mean": 6995,
    "2008_price_mean": 10000,
    "2000_milage_mean": 151212,
    "2015_milage_mean": 51954,
    "milage_min": 2056.0
}