{
    "2013_milage_mean": 48000,
    "price_weight": 3,
    "2012_price_mean": 12980,
    "2009_milage_mean": 64798,
    "2012_milage_mean": 65850,
    "price_difference_max": 3686.0,
    "age_min": 1.0,
    "age_max": 9.0,
    "price_difference_min": -3405.0,
    "sum_rating_max": 2.2314439032183433,
    "2016_price_mean": 22290,
    "price_min": 11500.0,
    "2017_price_mean": 26637,
    "milage_weight": 2,
    "age_weight": 1,
    "price_max": 29880.0,
    "2016_milage_mean": 49506,
    "2017_milage_mean": 6259,
    "sum_rating_min": -2.3232237538325156,
    "2013_price_mean": 15750,
    "2009_price_mean": 11500,
    "milage_max": 65850.0,
    "milage_min": 2002.0
}