{
    "1996_price_mean": 2616,
    "2006_price_mean": 7412,
    "2013_milage_mean": 80791,
    "2002_price_mean": 5900,
    "price_weight": 3,
    "2019_price_mean": 34726,
    "2012_price_mean": 13128,
    "2004_milage_mean": 153905,
    "2009_milage_mean": 114613,
    "2007_milage_mean": 138830,
    "2008_milage_mean": 138494,
    "1999_price_mean": 3820,
    "1995_milage_mean": 211457,
    "2001_milage_mean": 179332,
    "price_difference_max": 9284.0,
    "age_weight": 1,
    "age_min": 0.0,
    "age_max": 25.0,
    "price_difference_min": -27061.0,
    "2005_milage_mean": 113058,
    "sum_rating_max": 2.872945982604044,
    "1999_milage_mean": 203609,
    "2002_milage_mean": 165493,
    "2016_price_mean": 22556,
    "2007_price_mean": 6868,
    "price_min": 1300.0,
    "2005_price_mean": 10238,
    "2014_milage_mean": 58779,
    "2018_price_mean": 31184,
    "2017_price_mean": 30419,
    "milage_weight": 2,
    "2011_milage_mean": 99852,
    "2003_milage_mean": 195871,
    "1998_price_mean": 8500,
    "2019_milage_mean": 2352,
    "price_max": 54990.0,
    "1994_price_mean": 1300,
    "2000_milage_mean": 191969,
    "2010_price_mean": 10644,
    "2016_milage_mean": 37054,
    "2018_milage_mean": 3564,
    "2017_milage_mean": 16843,
    "1995_price_mean": 2900,
    "2001_price_mean": 3997,
    "1994_milage_mean": 268000,
    "1997_milage_mean": 210000,
    "2000_price_mean": 3344,
    "sum_rating_min": -6.101185862572822,
    "2015_price_mean": 17236,
    "2013_price_mean": 13641,
    "1998_milage_mean": 32375,
    "2012_milage_mean": 75206,
    "2010_milage_mean": 106134,
    "2004_price_mean": 4146,
    "2015_milage_mean": 41137,
    "1996_milage_mean": 225500,
    "2009_price_mean": 8561,
    "2014_price_mean": 16313,
    "milage_max": 323754.0,
    "2008_price_mean": 8386,
    "2006_milage_mean": 120645,
    "2003_price_mean": 3619,
    "1997_price_mean": 2983,
    "2011_price_mean": 10610,
    "milage_min": 20.0
}