{
    "price_weight": 3,
    "2012_price_mean": 13990,
    "2009_milage_mean": 58300,
    "2012_milage_mean": 37611,
    "2015_milage_mean": 72605,
    "age_min": 1.0,
    "age_max": 10.0,
    "price_difference_min": 0.0,
    "sum_rating_max": 1.1147028672732633,
    "price_min": 9500.0,
    "2014_milage_mean": 37596,
    "2018_price_mean": 25282,
    "2017_price_mean": 23990,
    "milage_weight": 2,
    "age_weight": 1,
    "price_max": 25888.0,
    "2018_milage_mean": 1828,
    "2017_milage_mean": 18676,
    "sum_rating_min": -1.765830139076897,
    "2015_price_mean": 15990,
    "2009_price_mean": 9500,
    "2014_price_mean": 15990,
    "milage_max": 72605.0,
    "price_difference_max": 0.0,
    "milage_min": 0.0
}