{
    "price_weight": 3,
    "2007_milage_mean": 128524,
    "2008_milage_mean": 113183,
    "price_difference_max": 0.0,
    "age_min": 1.0,
    "age_max": 12.0,
    "price_difference_min": 0.0,
    "sum_rating_max": 1.6179998383299092,
    "2016_price_mean": 25999,
    "milage_max": 160998.0,
    "price_min": 4990.0,
    "2014_milage_mean": 37596,
    "2018_price_mean": 26246,
    "2017_price_mean": 28980,
    "milage_weight": 2,
    "age_weight": 1,
    "price_max": 31378.0,
    "2016_milage_mean": 25769,
    "2018_milage_mean": 1379,
    "2017_milage_mean": 23475,
    "sum_rating_min": -1.7459546979745675,
    "2014_price_mean": 15990,
    "2007_price_mean": 6994,
    "2008_price_mean": 8750,
    "milage_min": 0.0
}