{
    "1996_price_mean": 2616,
    "2006_price_mean": 7139,
    "2013_milage_mean": 77832,
    "2002_price_mean": 4800,
    "price_weight": 3,
    "2019_price_mean": 35276,
    "2012_price_mean": 13167,
    "2004_milage_mean": 153905,
    "2009_milage_mean": 106642,
    "2007_milage_mean": 138474,
    "2008_milage_mean": 144517,
    "1999_price_mean": 3820,
    "1995_milage_mean": 211457,
    "2001_milage_mean": 177888,
    "price_difference_max": 8798.0,
    "age_weight": 1,
    "age_min": 0.0,
    "age_max": 25.0,
    "price_difference_min": -27517.0,
    "2005_milage_mean": 113073,
    "sum_rating_max": 2.81612418934603,
    "1999_milage_mean": 203609,
    "2002_milage_mean": 177495,
    "2016_price_mean": 23029,
    "2007_price_mean": 6938,
    "price_min": 1300.0,
    "2005_price_mean": 8547,
    "2014_milage_mean": 52974,
    "2018_price_mean": 29943,
    "2017_price_mean": 28612,
    "milage_weight": 2,
    "2011_milage_mean": 99852,
    "2003_milage_mean": 195871,
    "1998_price_mean": 8500,
    "2019_milage_mean": 2363,
    "price_max": 54990.0,
    "1994_price_mean": 1300,
    "2000_milage_mean": 189115,
    "2010_price_mean": 10814,
    "2016_milage_mean": 38224,
    "2018_milage_mean": 3267,
    "2017_milage_mean": 18629,
    "1995_price_mean": 2900,
    "2001_price_mean": 3764,
    "1994_milage_mean": 268000,
    "1997_milage_mean": 195000,
    "2000_price_mean": 3206,
    "sum_rating_min": -6.445508742448844,
    "2015_price_mean": 17035,
    "2013_price_mean": 13743,
    "1998_milage_mean": 32375,
    "2012_milage_mean": 74650,
    "2010_milage_mean": 94922,
    "2004_price_mean": 4146,
    "2015_milage_mean": 47398,
    "1996_milage_mean": 225500,
    "2009_price_mean": 8960,
    "2014_price_mean": 16042,
    "milage_max": 323754.0,
    "2008_price_mean": 8059,
    "2006_milage_mean": 129502,
    "2003_price_mean": 3619,
    "1997_price_mean": 3225,
    "2011_price_mean": 10610,
    "milage_min": 0.0
}