{
  "2013_milage_mean": 118871,
  "price_weight": 3,
  "2012_price_mean": 13061,
  "2012_milage_mean": 154268,
  "2015_milage_mean": 104301,
  "age_min": 9.0,
  "age_max": 16.0,
  "price_difference_min": -9547.0,
  "sum_rating_max": 6.481884205934143,
  "2016_price_mean": 17792,
  "price_min": 9990.0,
  "2014_milage_mean": 125901,
  "2018_price_mean": 19496,
  "2017_price_mean": 19043,
  "milage_weight": 2,
  "2011_milage_mean": 139490,
  "age_weight": 1,
  "price_max": 24000.0,
  "2016_milage_mean": 98179,
  "2018_milage_mean": 81472,
  "price_difference_max": 6808.0,
  "2017_milage_mean": 92677,
  "sum_rating_min": -8.497906317076415,
  "2015_price_mean": 16916,
  "2013_price_mean": 15995,
  "2014_price_mean": 14713,
  "milage_max": 219953.0,
  "2011_price_mean": 13190,
  "milage_min": 18000.0
}