{
    "2006_milage_mean": 104301,
    "2006_price_mean": 16846,
    "2002_price_mean": 13190,
    "price_weight": 3,
    "2004_milage_mean": 122671,
    "2009_milage_mean": 81472,
    "2007_milage_mean": 98179,
    "2008_milage_mean": 92677,
    "price_difference_max": 6786.0,
    "age_min": 9.0,
    "age_max": 16.0,
    "price_difference_min": -9486.0,
    "2005_milage_mean": 125901,
    "sum_rating_max": 6.509262144018357,
    "2002_milage_mean": 139490,
    "milage_max": 219953.0,
    "price_min": 9990.0,
    "2005_price_mean": 14713,
    "milage_weight": 2,
    "2003_milage_mean": 154748,
    "age_weight": 1,
    "price_max": 24000.0,
    "sum_rating_min": -8.493287835251657,
    "2004_price_mean": 15877,
    "2009_price_mean": 19496,
    "2007_price_mean": 17792,
    "2008_price_mean": 19043,
    "2003_price_mean": 13132,
    "milage_min": 18000.0
}