{
    "1996_price_mean": 2075,
    "2006_price_mean": 8305,
    "2013_milage_mean": 84404,
    "2002_price_mean": 3619,
    "1990_price_mean": 2000,
    "1998_milage_mean": 206314,
    "2012_price_mean": 15031,
    "1990_milage_mean": 255331,
    "2004_milage_mean": 181945,
    "2009_milage_mean": 129316,
    "2007_milage_mean": 176834,
    "2008_milage_mean": 143346,
    "1999_price_mean": 2336,
    "2001_milage_mean": 217031,
    "price_difference_max": 5758.0,
    "age_weight": 1,
    "age_min": 0.0,
    "age_max": 31.0,
    "price_difference_min": -24871.0,
    "2005_milage_mean": 193700,
    "sum_rating_max": 2.2967666452470716,
    "1992_milage_mean": 312500,
    "1999_milage_mean": 240338,
    "1993_milage_mean": 239335,
    "2002_milage_mean": 202052,
    "1993_price_mean": 1000,
    "2016_price_mean": 22039,
    "milage_max": 446000.0,
    "price_min": 500.0,
    "2005_price_mean": 5288,
    "2014_milage_mean": 66310,
    "2018_price_mean": 39921,
    "2017_price_mean": 30031,
    "milage_weight": 2,
    "2011_milage_mean": 120351,
    "2003_milage_mean": 197516,
    "1998_price_mean": 2732,
    "2012_milage_mean": 90166,
    "price_max": 49610.0,
    "1994_price_mean": 2283,
    "2000_milage_mean": 212315,
    "1987_price_mean": 2700,
    "1987_milage_mean": 197000,
    "2010_price_mean": 11107,
    "2016_milage_mean": 35642,
    "2018_milage_mean": 210,
    "2017_milage_mean": 8729,
    "2001_price_mean": 2881,
    "1994_milage_mean": 187098,
    "price_weight": 3,
    "1997_milage_mean": 246372,
    "2000_price_mean": 2234,
    "sum_rating_min": -7.766625591907857,
    "2015_price_mean": 19861,
    "2013_price_mean": 15831,
    "1992_price_mean": 500,
    "2010_milage_mean": 119067,
    "2004_price_mean": 4695,
    "2015_milage_mean": 48648,
    "1996_milage_mean": 228654,
    "2009_price_mean": 9716,
    "2014_price_mean": 16884,
    "2007_price_mean": 7313,
    "2008_price_mean": 8367,
    "2006_milage_mean": 157329,
    "2003_price_mean": 4394,
    "1997_price_mean": 2966,
    "2011_price_mean": 12096,
    "milage_min": 0.0
}