{
    "2006_milage_mean": 185900,
    "2006_price_mean": 5380,
    "2013_milage_mean": 89874,
    "2002_price_mean": 3633,
    "price_weight": 3,
    "2019_price_mean": 40229,
    "2012_price_mean": 15040,
    "2004_milage_mean": 169621,
    "2009_milage_mean": 111303,
    "2007_milage_mean": 160252,
    "2008_milage_mean": 68495,
    "1999_price_mean": 2763,
    "2001_milage_mean": 229259,
    "price_difference_max": 6593.0,
    "age_min": 0.0,
    "age_max": 31.0,
    "price_difference_min": -20083.0,
    "1988_price_mean": 1300,
    "2005_milage_mean": 168668,
    "sum_rating_max": 2.6204660883417388,
    "1999_milage_mean": 207628,
    "2002_milage_mean": 202474,
    "2016_price_mean": 19521,
    "2007_price_mean": 7110,
    "price_min": 1300.0,
    "2005_price_mean": 5374,
    "2014_milage_mean": 81939,
    "2018_price_mean": 34180,
    "2017_price_mean": 23802,
    "milage_weight": 2,
    "2011_milage_mean": 170677,
    "2003_milage_mean": 184015,
    "1998_price_mean": 2800,
    "2019_milage_mean": 0,
    "price_max": 48913.0,
    "1994_price_mean": 1700,
    "2000_milage_mean": 139282,
    "2010_price_mean": 10336,
    "2016_milage_mean": 56936,
    "2018_milage_mean": 12162,
    "2017_milage_mean": 34727,
    "1988_milage_mean": 148000,
    "2001_price_mean": 3375,
    "1994_milage_mean": 304000,
    "2000_price_mean": 3080,
    "sum_rating_min": -5.115545470554852,
    "2015_price_mean": 19820,
    "2013_price_mean": 17308,
    "1998_milage_mean": 178400,
    "2012_milage_mean": 90198,
    "2010_milage_mean": 141772,
    "2004_price_mean": 4782,
    "2015_milage_mean": 63012,
    "2009_price_mean": 10198,
    "2014_price_mean": 15070,
    "milage_max": 304000.0,
    "2008_price_mean": 11500,
    "age_weight": 1,
    "2003_price_mean": 3939,
    "2011_price_mean": 10050,
    "milage_min": 0.0
}