{
    "2006_milage_mean": 131677,
    "2006_price_mean": 9793,
    "2013_milage_mean": 76870,
    "2002_price_mean": 5987,
    "price_weight": 3,
    "2012_price_mean": 29052,
    "2004_milage_mean": 144513,
    "2009_milage_mean": 106908,
    "2007_milage_mean": 122011,
    "2008_milage_mean": 109815,
    "2012_milage_mean": 72446,
    "2001_milage_mean": 202865,
    "price_difference_max": 15049.0,
    "age_min": 0.0,
    "age_max": 30.0,
    "price_difference_min": -62047.0,
    "1988_price_mean": 14500,
    "2005_milage_mean": 133804,
    "sum_rating_max": 2.508868811293359,
    "2002_milage_mean": 152500,
    "2016_price_mean": 54451,
    "milage_max": 242300.0,
    "price_min": 1500.0,
    "2005_price_mean": 8947,
    "2014_milage_mean": 64500,
    "2018_price_mean": 68707,
    "2017_price_mean": 68274,
    "milage_weight": 2,
    "2011_milage_mean": 91341,
    "2003_milage_mean": 171924,
    "age_weight": 1,
    "price_max": 85280.0,
    "1994_price_mean": 2300,
    "2010_price_mean": 17807,
    "2016_milage_mean": 11851,
    "2018_milage_mean": 0,
    "2017_milage_mean": 2318,
    "1988_milage_mean": 166000,
    "2001_price_mean": 4994,
    "1994_milage_mean": 156000,
    "sum_rating_min": -5.855875812075736,
    "2015_price_mean": 44295,
    "2013_price_mean": 31053,
    "2010_milage_mean": 101342,
    "2004_price_mean": 6750,
    "2015_milage_mean": 38568,
    "2009_price_mean": 17097,
    "2014_price_mean": 36405,
    "2007_price_mean": 11549,
    "2008_price_mean": 13701,
    "2003_price_mean": 10125,
    "2011_price_mean": 20628,
    "milage_min": 0.0
}