{
    "2013_milage_mean": 48076,
    "price_weight": 3,
    "2012_price_mean": 22500,
    "2009_milage_mean": 87942,
    "2007_milage_mean": 118237,
    "2012_milage_mean": 53665,
    "price_difference_max": 5472.0,
    "age_min": 1.0,
    "age_max": 16.0,
    "price_difference_min": -14835.0,
    "sum_rating_max": 1.930954992756337,
    "milage_max": 160000.0,
    "price_min": 10888.0,
    "2014_milage_mean": 92428,
    "2018_price_mean": 56000,
    "milage_weight": 2,
    "2011_milage_mean": 116000,
    "2003_milage_mean": 160000,
    "age_weight": 1,
    "price_max": 56000.0,
    "2010_price_mean": 14999,
    "2018_milage_mean": 5521,
    "sum_rating_min": -3.8916319127667394,
    "2013_price_mean": 25900,
    "2010_milage_mean": 84395,
    "2009_price_mean": 12394,
    "2014_price_mean": 27800,
    "2007_price_mean": 13000,
    "2003_price_mean": 14500,
    "2011_price_mean": 15000,
    "milage_min": 5521.0
}