{
    "2006_milage_mean": 141002,
    "2006_price_mean": 7626,
    "2013_milage_mean": 63284,
    "2002_price_mean": 4806,
    "price_weight": 3,
    "2019_price_mean": 73608,
    "2012_price_mean": 21715,
    "2009_milage_mean": 108998,
    "2007_milage_mean": 141637,
    "2008_milage_mean": 138324,
    "2012_milage_mean": 94224,
    "1995_milage_mean": 122700,
    "2001_milage_mean": 181880,
    "price_difference_max": 10995.0,
    "age_min": 0.0,
    "age_max": 31.0,
    "price_difference_min": -27881.0,
    "1988_price_mean": 7500,
    "2005_milage_mean": 129068,
    "sum_rating_max": 2.785039268247439,
    "2002_milage_mean": 181618,
    "milage_max": 248366.0,
    "price_min": 800.0,
    "2005_price_mean": 7453,
    "2014_milage_mean": 59826,
    "2018_price_mean": 59471,
    "2017_price_mean": 51988,
    "milage_weight": 2,
    "2011_milage_mean": 99938,
    "2003_milage_mean": 214455,
    "age_weight": 1,
    "2019_milage_mean": 0,
    "price_max": 73608.0,
    "2010_price_mean": 14799,
    "2018_milage_mean": 4926,
    "2017_milage_mean": 5950,
    "1995_price_mean": 4250,
    "1988_milage_mean": 145500,
    "2001_price_mean": 2150,
    "sum_rating_min": -5.156090069317583,
    "2015_price_mean": 34406,
    "2013_price_mean": 26130,
    "2010_milage_mean": 90127,
    "2015_milage_mean": 45904,
    "2009_price_mean": 12838,
    "2014_price_mean": 30555,
    "2007_price_mean": 9092,
    "2008_price_mean": 9799,
    "2003_price_mean": 7396,
    "2011_price_mean": 16657,
    "milage_min": 0.0
}