{
    "2006_milage_mean": 133333,
    "2006_price_mean": 9130,
    "2013_milage_mean": 64896,
    "2002_price_mean": 6133,
    "price_weight": 3,
    "2012_price_mean": 25986,
    "2004_milage_mean": 175311,
    "2009_milage_mean": 110496,
    "2007_milage_mean": 114787,
    "2008_milage_mean": 109827,
    "2012_milage_mean": 73522,
    "1995_milage_mean": 170000,
    "2001_milage_mean": 164378,
    "price_difference_max": 16199.0,
    "age_min": 0.0,
    "age_max": 23.0,
    "price_difference_min": -39110.0,
    "2005_milage_mean": 145177,
    "sum_rating_max": 2.3300603704295133,
    "2002_milage_mean": 165009,
    "2016_price_mean": 51286,
    "milage_max": 308000.0,
    "price_min": 2600.0,
    "2005_price_mean": 8532,
    "2014_milage_mean": 42270,
    "2018_price_mean": 71905,
    "2017_price_mean": 57027,
    "milage_weight": 2,
    "2011_milage_mean": 95006,
    "2003_milage_mean": 172674,
    "age_weight": 1,
    "price_max": 76521.0,
    "2010_price_mean": 16957,
    "2016_milage_mean": 24061,
    "2018_milage_mean": 54,
    "2017_milage_mean": 3747,
    "1995_price_mean": 3000,
    "2001_price_mean": 4495,
    "sum_rating_min": -5.813444773697953,
    "2015_price_mean": 37530,
    "2013_price_mean": 28262,
    "2010_milage_mean": 79580,
    "2004_price_mean": 6100,
    "2015_milage_mean": 37731,
    "2009_price_mean": 14104,
    "2014_price_mean": 35716,
    "2007_price_mean": 10867,
    "2008_price_mean": 12842,
    "2003_price_mean": 10266,
    "2011_price_mean": 16011,
    "milage_min": 0.0
}