{
    "2006_milage_mean": 132543,
    "2006_price_mean": 8888,
    "2013_milage_mean": 37881,
    "2002_price_mean": 4745,
    "price_weight": 3,
    "2019_price_mean": 73608,
    "2012_price_mean": 21722,
    "2009_milage_mean": 125054,
    "2007_milage_mean": 125626,
    "2008_milage_mean": 156150,
    "2012_milage_mean": 94967,
    "2001_milage_mean": 181760,
    "price_difference_max": 10788.0,
    "age_min": 0.0,
    "age_max": 18.0,
    "price_difference_min": -19064.0,
    "2005_milage_mean": 126000,
    "sum_rating_max": 1.7737656798541586,
    "2002_milage_mean": 186500,
    "milage_max": 201000.0,
    "price_min": 800.0,
    "2005_price_mean": 7450,
    "2014_milage_mean": 38599,
    "2018_price_mean": 57046,
    "2017_price_mean": 51988,
    "milage_weight": 2,
    "2011_milage_mean": 113457,
    "age_weight": 1,
    "2019_milage_mean": 0,
    "price_max": 73608.0,
    "2018_milage_mean": 6183,
    "2017_milage_mean": 5950,
    "2001_price_mean": 800,
    "sum_rating_min": -2.8136394398618547,
    "2015_price_mean": 32660,
    "2013_price_mean": 29140,
    "2015_milage_mean": 50000,
    "2009_price_mean": 13496,
    "2014_price_mean": 36990,
    "2007_price_mean": 8933,
    "2008_price_mean": 8249,
    "2011_price_mean": 15749,
    "milage_min": 0.0
}