{
    "2006_milage_mean": 147684,
    "2006_price_mean": 6962,
    "2013_milage_mean": 74232,
    "2002_price_mean": 5132,
    "price_weight": 3,
    "2012_price_mean": 22097,
    "2009_milage_mean": 106295,
    "2007_milage_mean": 143396,
    "2008_milage_mean": 136658,
    "2012_milage_mean": 80929,
    "1995_milage_mean": 122700,
    "2001_milage_mean": 182000,
    "price_difference_max": 9938.0,
    "age_min": 1.0,
    "age_max": 31.0,
    "price_difference_min": -22066.0,
    "1988_price_mean": 7500,
    "2005_milage_mean": 129409,
    "sum_rating_max": 2.888296611074032,
    "2002_milage_mean": 183273,
    "milage_max": 235000.0,
    "price_min": 2500.0,
    "2005_price_mean": 7453,
    "2014_milage_mean": 59620,
    "2018_price_mean": 57274,
    "2017_price_mean": 51988,
    "milage_weight": 2,
    "2011_milage_mean": 98719,
    "2003_milage_mean": 197500,
    "age_weight": 1,
    "price_max": 59823.0,
    "2010_price_mean": 14827,
    "2018_milage_mean": 4870,
    "2017_milage_mean": 5950,
    "1995_price_mean": 4250,
    "1988_milage_mean": 145500,
    "2001_price_mean": 3500,
    "sum_rating_min": -4.147658933384576,
    "2015_price_mean": 36327,
    "2013_price_mean": 24434,
    "2010_milage_mean": 89308,
    "2015_milage_mean": 46946,
    "2009_price_mean": 12385,
    "2014_price_mean": 31032,
    "2007_price_mean": 9405,
    "2008_price_mean": 9779,
    "2003_price_mean": 9195,
    "2011_price_mean": 16675,
    "milage_min": 3568.0
}