{
    "2006_milage_mean": 63300,
    "2006_price_mean": 10500,
    "2013_milage_mean": 51902,
    "price_weight": 3,
    "2012_price_mean": 22500,
    "2009_milage_mean": 88560,
    "2007_milage_mean": 137249,
    "2008_milage_mean": 128000,
    "2012_milage_mean": 53665,
    "price_difference_max": 8214.0,
    "age_min": 1.0,
    "age_max": 16.0,
    "price_difference_min": -16134.0,
    "2005_milage_mean": 154250,
    "sum_rating_max": 2.0799280456156986,
    "milage_max": 248366.0,
    "price_min": 3800.0,
    "2005_price_mean": 7650,
    "2014_milage_mean": 62662,
    "2018_price_mean": 57911,
    "2017_price_mean": 51988,
    "milage_weight": 2,
    "2011_milage_mean": 107712,
    "2003_milage_mean": 189455,
    "age_weight": 1,
    "price_max": 59823.0,
    "2010_price_mean": 14999,
    "2018_milage_mean": 4544,
    "2017_milage_mean": 5950,
    "sum_rating_min": -4.165256072174356,
    "2015_price_mean": 33829,
    "2013_price_mean": 25910,
    "2010_milage_mean": 84395,
    "2015_milage_mean": 56075,
    "2009_price_mean": 12329,
    "2014_price_mean": 30155,
    "2007_price_mean": 11961,
    "2008_price_mean": 11133,
    "2003_price_mean": 10933,
    "2011_price_mean": 14720,
    "milage_min": 3568.0
}