{
    "2006_milage_mean": 131541,
    "2006_price_mean": 10134,
    "2013_milage_mean": 67893,
    "2002_price_mean": 6616,
    "price_weight": 3,
    "2012_price_mean": 28452,
    "2004_milage_mean": 138132,
    "2009_milage_mean": 114189,
    "2007_milage_mean": 123863,
    "2008_milage_mean": 112688,
    "2012_milage_mean": 72521,
    "2001_milage_mean": 202865,
    "price_difference_max": 20460.0,
    "age_min": 0.0,
    "age_max": 30.0,
    "price_difference_min": -51160.0,
    "1988_price_mean": 8825,
    "2005_milage_mean": 145712,
    "sum_rating_max": 2.552965231656446,
    "2002_milage_mean": 155666,
    "2016_price_mean": 56196,
    "milage_max": 245000.0,
    "price_min": 1500.0,
    "2005_price_mean": 8848,
    "2014_milage_mean": 58951,
    "2018_price_mean": 73481,
    "2017_price_mean": 66966,
    "milage_weight": 2,
    "2011_milage_mean": 92762,
    "2003_milage_mean": 175899,
    "age_weight": 1,
    "price_max": 79605.0,
    "1994_price_mean": 2300,
    "2010_price_mean": 17087,
    "2016_milage_mean": 12798,
    "2018_milage_mean": 0,
    "2017_milage_mean": 2362,
    "1988_milage_mean": 146572,
    "2001_price_mean": 4994,
    "1994_milage_mean": 156000,
    "sum_rating_min": -4.9796158227233605,
    "2015_price_mean": 43719,
    "2013_price_mean": 31789,
    "2010_milage_mean": 93295,
    "2004_price_mean": 7314,
    "2015_milage_mean": 47072,
    "2009_price_mean": 14795,
    "2014_price_mean": 36414,
    "2007_price_mean": 11568,
    "2008_price_mean": 12948,
    "2003_price_mean": 8666,
    "2011_price_mean": 18924,
    "milage_min": 0.0
}