{
    "2006_milage_mean": 112000,
    "2006_price_mean": 14500,
    "2002_price_mean": 7500,
    "price_weight": 3,
    "2004_milage_mean": 101000,
    "age_min": 12.0,
    "2001_milage_mean": 113850,
    "price_difference_max": 2717.0,
    "2005_milage_mean": 102346,
    "age_max": 17.0,
    "price_difference_min": -2478.0,
    "sum_rating_max": 2.395306932581006,
    "sum_rating_min": -2.293285505958896,
    "price_min": 6500.0,
    "2005_price_mean": 13750,
    "milage_weight": 2,
    "2003_milage_mean": 147394,
    "age_weight": 1,
    "price_max": 18500.0,
    "2001_price_mean": 7000,
    "2002_milage_mean": 104000,
    "2004_price_mean": 14900,
    "milage_max": 147394.0,
    "2003_price_mean": 8900,
    "milage_min": 77380.0
}