{
    "2006_milage_mean": 96009,
    "2006_price_mean": 14148,
    "2013_milage_mean": 47321,
    "price_weight": 3,
    "2012_price_mean": 39703,
    "2004_milage_mean": 129001,
    "2009_milage_mean": 92932,
    "2007_milage_mean": 120600,
    "2008_milage_mean": 80281,
    "2012_milage_mean": 43140,
    "price_difference_max": 10859.0,
    "age_min": 5.0,
    "age_max": 15.0,
    "price_difference_min": -7119.0,
    "2005_milage_mean": 126666,
    "sum_rating_max": 3.1195622908573415,
    "milage_max": 163000.0,
    "price_min": 6499.0,
    "2005_price_mean": 8996,
    "milage_weight": 2,
    "2011_milage_mean": 56198,
    "2003_milage_mean": 159831,
    "age_weight": 1,
    "price_max": 43111.0,
    "2010_price_mean": 30485,
    "sum_rating_min": -2.144299954285317,
    "2013_price_mean": 35416,
    "2010_milage_mean": 58243,
    "2004_price_mean": 8888,
    "2009_price_mean": 24041,
    "2007_price_mean": 16878,
    "2008_price_mean": 20696,
    "2003_price_mean": 6895,
    "2011_price_mean": 25466,
    "milage_min": 23650.0
}