{
    "2013_milage_mean": 37039,
    "price_weight": 3,
    "2012_price_mean": 31902,
    "2009_milage_mean": 85310,
    "2012_milage_mean": 54467,
    "2015_milage_mean": 22484,
    "age_min": 1.0,
    "age_max": 9.0,
    "price_difference_min": -18049.0,
    "sum_rating_max": 2.866465373705816,
    "2016_price_mean": 43470,
    "price_min": 13900.0,
    "2014_milage_mean": 36636,
    "2017_price_mean": 57870,
    "milage_weight": 2,
    "2011_milage_mean": 61541,
    "age_weight": 1,
    "price_max": 72387.0,
    "2010_price_mean": 27426,
    "2016_milage_mean": 9265,
    "price_difference_max": 13852.0,
    "2017_milage_mean": 724,
    "sum_rating_min": -4.579187428999231,
    "2015_price_mean": 38473,
    "2013_price_mean": 34252,
    "2010_milage_mean": 73280,
    "2009_price_mean": 23868,
    "2014_price_mean": 34518,
    "milage_max": 150961.0,
    "2011_price_mean": 29577,
    "milage_min": 0.0
}