{
    "2013_milage_mean": 53443,
    "price_weight": 3,
    "2012_price_mean": 41913,
    "2009_milage_mean": 78180,
    "2007_milage_mean": 93482,
    "2008_milage_mean": 106534,
    "2012_milage_mean": 51096,
    "price_difference_max": 5342.0,
    "age_min": 4.0,
    "age_max": 11.0,
    "price_difference_min": -7306.0,
    "sum_rating_max": 1.8468371974938922,
    "milage_max": 147262.0,
    "price_min": 17490.0,
    "2014_milage_mean": 13960,
    "milage_weight": 2,
    "2011_milage_mean": 53863,
    "age_weight": 1,
    "price_max": 59822.0,
    "2010_price_mean": 31546,
    "sum_rating_min": -2.123561280771447,
    "2013_price_mean": 45547,
    "2010_milage_mean": 71963,
    "2009_price_mean": 31500,
    "2014_price_mean": 59822,
    "2007_price_mean": 22085,
    "2008_price_mean": 22876,
    "2011_price_mean": 40217,
    "milage_min": 13960.0
}