{
    "2013_milage_mean": 69871,
    "price_weight": 3,
    "2012_price_mean": 44429,
    "2009_milage_mean": 129653,
    "2007_milage_mean": 158005,
    "2008_milage_mean": 133598,
    "2012_milage_mean": 90919,
    "price_difference_max": 52917.0,
    "age_min": 0.0,
    "age_max": 11.0,
    "price_difference_min": -317361.0,
    "sum_rating_max": 3.997820464225914,
    "2016_price_mean": 90399,
    "milage_max": 252000.0,
    "price_min": 9350.0,
    "2014_milage_mean": 58579,
    "2018_price_mean": 128833,
    "2017_price_mean": 103662,
    "milage_weight": 2,
    "2011_milage_mean": 110716,
    "age_weight": 1,
    "price_max": 430501.0,
    "2010_price_mean": 38276,
    "2016_milage_mean": 18122,
    "2018_milage_mean": 136,
    "2017_milage_mean": 1814,
    "sum_rating_min": -18.488983305923057,
    "2015_price_mean": 86342,
    "2013_price_mean": 67159,
    "2010_milage_mean": 108201,
    "2015_milage_mean": 35929,
    "2009_price_mean": 31257,
    "2014_price_mean": 71756,
    "2007_price_mean": 22822,
    "2008_price_mean": 25970,
    "2011_price_mean": 44604,
    "milage_min": 0.0
}