{
    "2013_milage_mean": 130408,
    "price_weight": 3,
    "2015_milage_mean": 52057,
    "age_min": 0.0,
    "age_max": 5.0,
    "price_difference_min": -24416.0,
    "sum_rating_max": 3.6984315082228045,
    "2016_price_mean": 21990,
    "price_min": 7888.0,
    "2014_milage_mean": 119083,
    "2018_price_mean": 48606,
    "2017_price_mean": 39971,
    "milage_weight": 2,
    "age_weight": 1,
    "price_max": 67123.0,
    "2016_milage_mean": 41808,
    "2018_milage_mean": 123,
    "2017_milage_mean": 843,
    "sum_rating_min": -8.725591914873164,
    "2015_price_mean": 26611,
    "2013_price_mean": 12950,
    "2014_price_mean": 16297,
    "milage_max": 251050.0,
    "price_difference_max": 17940.0,
    "milage_min": 0.0
}