{
    "1996_price_mean": 4000,
    "2006_price_mean": 14211,
    "2013_milage_mean": 63942,
    "2002_price_mean": 7353,
    "price_weight": 3,
    "1998_milage_mean": 180438,
    "2012_price_mean": 25650,
    "2004_milage_mean": 133694,
    "2009_milage_mean": 84506,
    "2007_milage_mean": 126440,
    "2008_milage_mean": 120574,
    "1999_price_mean": 3800,
    "2001_milage_mean": 150750,
    "price_difference_max": 18827.0,
    "age_min": 0.0,
    "age_max": 22.0,
    "price_difference_min": -35870.0,
    "2005_milage_mean": 107350,
    "sum_rating_max": 2.4805958078033052,
    "1999_milage_mean": 235000,
    "2002_milage_mean": 158466,
    "2016_price_mean": 58645,
    "milage_max": 348534.0,
    "price_min": 2000.0,
    "2005_price_mean": 16099,
    "2014_milage_mean": 38987,
    "2018_price_mean": 72427,
    "2017_price_mean": 68089,
    "milage_weight": 2,
    "2011_milage_mean": 100555,
    "2003_milage_mean": 177829,
    "1998_price_mean": 4300,
    "2006_milage_mean": 82545,
    "price_max": 96706.0,
    "2010_price_mean": 20000,
    "2016_milage_mean": 16554,
    "2018_milage_mean": 0,
    "2017_milage_mean": 3021,
    "2001_price_mean": 5575,
    "1997_milage_mean": 242883,
    "2012_milage_mean": 79946,
    "sum_rating_min": -6.35837586255565,
    "2015_price_mean": 48477,
    "2013_price_mean": 28557,
    "2010_milage_mean": 69000,
    "2004_price_mean": 8947,
    "2015_milage_mean": 33106,
    "1996_milage_mean": 232991,
    "2009_price_mean": 19134,
    "2014_price_mean": 42508,
    "2007_price_mean": 14297,
    "2008_price_mean": 15803,
    "age_weight": 1,
    "2003_price_mean": 6010,
    "1997_price_mean": 4650,
    "2011_price_mean": 22736,
    "milage_min": 0.0
}