{
    "price_max": 42429.0,
    "sum_rating_max": 5.9815006231185075,
    "price_weight": 3,
    "sum_rating_min": -11.7004784962263,
    "2015_milage_mean": 38341,
    "2016_milage_mean": 25383,
    "2016_price_mean": 25225,
    "2018_price_mean": 30466,
    "2017_milage_mean": 738,
    "price_min": 16500.0,
    "milage_weight": 2,
    "milage_max": 87110.0,
    "2017_price_mean": 30405,
    "price_difference_max": 10399.0,
    "age_weight": 1,
    "age_min": 0.0,
    "age_max": 3.0,
    "price_difference_min": -12201.0,
    "milage_min": 0.0,
    "2015_price_mean": 23424,
    "2018_milage_mean": 18
}