{
    "2013_milage_mean": 82098,
    "price_weight": 3,
    "2012_price_mean": 21367,
    "2012_milage_mean": 92524,
    "2015_milage_mean": 53051,
    "age_min": 0.0,
    "age_max": 6.0,
    "price_difference_min": -13460.0,
    "sum_rating_max": 3.9967269027724983,
    "2016_price_mean": 32759,
    "price_min": 12990.0,
    "2014_milage_mean": 69759,
    "2018_price_mean": 44316,
    "2017_price_mean": 43780,
    "milage_weight": 2,
    "age_weight": 1,
    "price_max": 56068.0,
    "2016_milage_mean": 32106,
    "2018_milage_mean": 32,
    "2017_milage_mean": 620,
    "sum_rating_min": -5.591692236270214,
    "2015_price_mean": 30198,
    "2013_price_mean": 24377,
    "2014_price_mean": 25616,
    "milage_max": 207171.0,
    "price_difference_max": 13724.0,
    "milage_min": 0.0
}