{
    "1996_price_mean": 2419,
    "2006_price_mean": 7827,
    "2013_milage_mean": 87633,
    "2002_price_mean": 4219,
    "1993_milage_mean": 283969,
    "2019_price_mean": 41331,
    "2012_price_mean": 14735,
    "2004_milage_mean": 167767,
    "2009_milage_mean": 135422,
    "2007_milage_mean": 169667,
    "2008_milage_mean": 135250,
    "1999_price_mean": 2997,
    "1995_milage_mean": 280210,
    "2001_milage_mean": 252465,
    "price_difference_max": 8132.0,
    "age_weight": 1,
    "age_min": 0.0,
    "age_max": 26.0,
    "price_difference_min": -20004.0,
    "2005_milage_mean": 188147,
    "sum_rating_max": 2.930185779399247,
    "1999_milage_mean": 197196,
    "price_weight": 3,
    "2002_milage_mean": 191982,
    "1993_price_mean": 750,
    "2016_price_mean": 21348,
    "2007_price_mean": 7615,
    "price_min": 750.0,
    "2005_price_mean": 5102,
    "2014_milage_mean": 74918,
    "2018_price_mean": 38215,
    "2017_price_mean": 23903,
    "milage_weight": 2,
    "2011_milage_mean": 108901,
    "2003_milage_mean": 176608,
    "1998_price_mean": 2450,
    "2019_milage_mean": 0,
    "price_max": 48863.0,
    "2000_milage_mean": 191407,
    "2010_price_mean": 10603,
    "2016_milage_mean": 55573,
    "2018_milage_mean": 6261,
    "2017_milage_mean": 36970,
    "1995_price_mean": 1900,
    "2001_price_mean": 3043,
    "1997_milage_mean": 239081,
    "2000_price_mean": 3459,
    "sum_rating_min": -6.798552693275122,
    "2015_price_mean": 20060,
    "2013_price_mean": 15293,
    "1998_milage_mean": 242291,
    "2012_milage_mean": 111402,
    "2010_milage_mean": 149373,
    "2004_price_mean": 5126,
    "2015_milage_mean": 66858,
    "1996_milage_mean": 222300,
    "2009_price_mean": 9691,
    "2014_price_mean": 16770,
    "milage_max": 528000.0,
    "2008_price_mean": 9089,
    "2006_milage_mean": 164055,
    "2003_price_mean": 4667,
    "1997_price_mean": 2137,
    "2011_price_mean": 11804,
    "milage_min": 0.0
}