{
    "2006_milage_mean": 144196,
    "2006_price_mean": 7641,
    "2013_milage_mean": 67855,
    "2002_price_mean": 4996,
    "price_weight": 3,
    "2019_price_mean": 46282,
    "2012_price_mean": 14101,
    "2009_milage_mean": 108803,
    "2007_milage_mean": 136204,
    "2008_milage_mean": 109335,
    "1999_price_mean": 3000,
    "2001_milage_mean": 141000,
    "price_difference_max": 10925.0,
    "age_min": 0.0,
    "age_max": 20.0,
    "price_difference_min": -29251.0,
    "2005_milage_mean": 137871,
    "sum_rating_max": 2.268133919870259,
    "1999_milage_mean": 67200,
    "2002_milage_mean": 121781,
    "2016_price_mean": 29706,
    "2007_price_mean": 7733,
    "price_min": 2250.0,
    "2005_price_mean": 7949,
    "2014_milage_mean": 76616,
    "2018_price_mean": 44814,
    "2017_price_mean": 30931,
    "milage_weight": 2,
    "2011_milage_mean": 83934,
    "age_weight": 1,
    "2019_milage_mean": 2001,
    "price_max": 72414.0,
    "2010_price_mean": 12101,
    "2016_milage_mean": 39277,
    "2018_milage_mean": 4017,
    "2017_milage_mean": 36022,
    "2001_price_mean": 4999,
    "2012_milage_mean": 87483,
    "sum_rating_min": -5.259959302527384,
    "2015_price_mean": 24656,
    "2013_price_mean": 20641,
    "2010_milage_mean": 103347,
    "2015_milage_mean": 56604,
    "2009_price_mean": 10452,
    "2014_price_mean": 20139,
    "milage_max": 200000.0,
    "2008_price_mean": 9266,
    "2011_price_mean": 12822,
    "milage_min": 0.0
}