{
    "2013_milage_mean": 56246,
    "price_weight": 3,
    "2012_price_mean": 34548,
    "2009_milage_mean": 78634,
    "2008_milage_mean": 117719,
    "2012_milage_mean": 56831,
    "price_difference_max": 22263.0,
    "age_min": 0.0,
    "age_max": 10.0,
    "price_difference_min": -42295.0,
    "sum_rating_max": 2.633694511641666,
    "2016_price_mean": 60813,
    "price_min": 17500.0,
    "2014_milage_mean": 44302,
    "2018_price_mean": 91474,
    "2017_price_mean": 81481,
    "milage_weight": 2,
    "2011_milage_mean": 80528,
    "age_weight": 1,
    "price_max": 119000.0,
    "2010_price_mean": 24887,
    "2016_milage_mean": 8158,
    "2018_milage_mean": 224,
    "2017_milage_mean": 1825,
    "sum_rating_min": -4.988792559507312,
    "2015_price_mean": 50048,
    "2013_price_mean": 39983,
    "2010_milage_mean": 89011,
    "2015_milage_mean": 28696,
    "2009_price_mean": 24098,
    "2014_price_mean": 44580,
    "milage_max": 188000.0,
    "2008_price_mean": 21574,
    "2011_price_mean": 27596,
    "milage_min": 0.0
}