{
    "2006_milage_mean": 172000,
    "2006_price_mean": 11000,
    "2013_milage_mean": 61506,
    "price_weight": 3,
    "2012_price_mean": 32647,
    "2004_milage_mean": 173000,
    "2009_milage_mean": 122675,
    "2007_milage_mean": 130954,
    "2008_milage_mean": 120208,
    "2012_milage_mean": 87008,
    "price_difference_max": 12536.0,
    "age_min": 0.0,
    "age_max": 14.0,
    "price_difference_min": -26969.0,
    "2005_milage_mean": 162827,
    "sum_rating_max": 2.0389480164884217,
    "2016_price_mean": 65676,
    "milage_max": 215600.0,
    "price_min": 6000.0,
    "2005_price_mean": 10433,
    "2014_milage_mean": 51544,
    "2018_price_mean": 80663,
    "2017_price_mean": 70049,
    "milage_weight": 2,
    "2011_milage_mean": 83023,
    "age_weight": 1,
    "price_max": 95239.0,
    "2010_price_mean": 22499,
    "2016_milage_mean": 12616,
    "2018_milage_mean": 0,
    "2017_milage_mean": 4552,
    "sum_rating_min": -3.6148776681157915,
    "2015_price_mean": 50202,
    "2013_price_mean": 39031,
    "2010_milage_mean": 108223,
    "2004_price_mean": 8677,
    "2015_milage_mean": 47436,
    "2009_price_mean": 16970,
    "2014_price_mean": 44312,
    "2007_price_mean": 13395,
    "2008_price_mean": 14548,
    "2011_price_mean": 29281,
    "milage_min": 0.0
}