{
    "2013_milage_mean": 77274,
    "price_weight": 3,
    "1982_price_mean": 38990,
    "2015_milage_mean": 24417,
    "1986_price_mean": 16000,
    "age_min": 1.0,
    "age_max": 36.0,
    "price_difference_min": -53892.0,
    "sum_rating_max": 3.039626045554469,
    "2016_price_mean": 172990,
    "price_min": 14990.0,
    "2014_milage_mean": 54500,
    "2017_price_mean": 222536,
    "milage_weight": 2,
    "2003_milage_mean": 279000,
    "age_weight": 1,
    "price_max": 253900.0,
    "2016_milage_mean": 3110,
    "2017_milage_mean": 2223,
    "1982_milage_mean": 173422,
    "sum_rating_min": -1.9293859873741752,
    "2015_price_mean": 184944,
    "2013_price_mean": 129990,
    "1986_milage_mean": 45000,
    "2014_price_mean": 119850,
    "milage_max": 279000.0,
    "2003_price_mean": 14990,
    "price_difference_max": 45698.0,
    "milage_min": 23.0
}