{
    "2006_milage_mean": 135182,
    "2006_price_mean": 7071,
    "2013_milage_mean": 88467,
    "2002_price_mean": 2349,
    "price_weight": 3,
    "2012_price_mean": 18371,
    "2004_milage_mean": 124708,
    "2009_milage_mean": 111849,
    "2007_milage_mean": 132899,
    "2008_milage_mean": 143382,
    "2012_milage_mean": 101629,
    "2001_milage_mean": 167550,
    "price_difference_max": 17290.0,
    "age_min": 0.0,
    "age_max": 18.0,
    "price_difference_min": -19775.0,
    "2005_milage_mean": 159850,
    "sum_rating_max": 3.086450002564098,
    "2002_milage_mean": 191438,
    "2016_price_mean": 45707,
    "milage_max": 284160.0,
    "price_min": 599.0,
    "2005_price_mean": 4563,
    "2014_milage_mean": 75146,
    "2018_price_mean": 47225,
    "2017_price_mean": 49749,
    "milage_weight": 2,
    "2011_milage_mean": 112830,
    "2003_milage_mean": 169000,
    "age_weight": 1,
    "price_max": 64490.0,
    "2000_milage_mean": 200000,
    "2010_price_mean": 15368,
    "2016_milage_mean": 12622,
    "2018_milage_mean": 31,
    "2017_milage_mean": 1272,
    "2001_price_mean": 4000,
    "2000_price_mean": 1950,
    "sum_rating_min": -3.9292221425773013,
    "2015_price_mean": 30289,
    "2013_price_mean": 19630,
    "2010_milage_mean": 115534,
    "2004_price_mean": 4750,
    "2015_milage_mean": 46359,
    "2009_price_mean": 14545,
    "2014_price_mean": 23171,
    "2007_price_mean": 8405,
    "2008_price_mean": 12211,
    "2003_price_mean": 4400,
    "2011_price_mean": 14912,
    "milage_min": 0.0
}