{
    "2006_milage_mean": 142948,
    "2006_price_mean": 7690,
    "2013_milage_mean": 65411,
    "2002_price_mean": 3533,
    "price_weight": 3,
    "2012_price_mean": 19035,
    "2004_milage_mean": 127000,
    "2009_milage_mean": 108163,
    "2007_milage_mean": 123262,
    "2008_milage_mean": 117857,
    "1999_price_mean": 3250,
    "2001_milage_mean": 128000,
    "price_difference_max": 14920.0,
    "age_min": 0.0,
    "age_max": 19.0,
    "price_difference_min": -23685.0,
    "2005_milage_mean": 128524,
    "sum_rating_max": 2.69753530564767,
    "1999_milage_mean": 173500,
    "2002_milage_mean": 123333,
    "2016_price_mean": 39311,
    "milage_max": 260000.0,
    "price_min": 1450.0,
    "2005_price_mean": 7451,
    "2014_milage_mean": 37264,
    "2018_price_mean": 51686,
    "2017_price_mean": 47322,
    "milage_weight": 2,
    "2011_milage_mean": 86921,
    "2003_milage_mean": 110500,
    "age_weight": 1,
    "2012_milage_mean": 77513,
    "price_max": 67375.0,
    "2000_milage_mean": 193971,
    "2010_price_mean": 14286,
    "2016_milage_mean": 10596,
    "2018_milage_mean": 0,
    "2017_milage_mean": 1753,
    "2001_price_mean": 4500,
    "2000_price_mean": 2591,
    "sum_rating_min": -5.322106050219052,
    "2015_price_mean": 32491,
    "2013_price_mean": 22581,
    "2010_milage_mean": 103555,
    "2004_price_mean": 6500,
    "2015_milage_mean": 34230,
    "2009_price_mean": 13093,
    "2014_price_mean": 30100,
    "2007_price_mean": 8445,
    "2008_price_mean": 10766,
    "2003_price_mean": 4099,
    "2011_price_mean": 17662,
    "milage_min": 0.0
}