{
    "1996_price_mean": 2990,
    "2006_price_mean": 7745,
    "2013_milage_mean": 85766,
    "2002_price_mean": 3941,
    "1990_price_mean": 3500,
    "1998_milage_mean": 291537,
    "2012_price_mean": 13863,
    "1991_milage_mean": 131381,
    "2004_milage_mean": 188021,
    "2009_milage_mean": 108959,
    "2007_milage_mean": 164863,
    "2008_milage_mean": 158562,
    "1999_price_mean": 2662,
    "2001_milage_mean": 199752,
    "price_difference_max": 0.0,
    "age_weight": 1,
    "age_min": 0.0,
    "age_max": 30.0,
    "price_difference_min": 0.0,
    "1988_price_mean": 3000,
    "2005_milage_mean": 182067,
    "sum_rating_max": 2.8020041093191668,
    "1992_milage_mean": 493907,
    "1999_milage_mean": 230042,
    "1993_milage_mean": 172000,
    "2002_milage_mean": 205863,
    "1993_price_mean": 3000,
    "2016_price_mean": 21711,
    "milage_max": 493907.0,
    "price_min": 700.0,
    "2005_price_mean": 5311,
    "2014_milage_mean": 76989,
    "2018_price_mean": 39472,
    "2017_price_mean": 23688,
    "1990_milage_mean": 150000,
    "2011_milage_mean": 116172,
    "2003_milage_mean": 191571,
    "1994_milage_mean": 375000,
    "1998_price_mean": 2199,
    "2012_milage_mean": 95868,
    "price_max": 49086.0,
    "1994_price_mean": 4000,
    "milage_weight": 2,
    "2000_milage_mean": 187054,
    "2010_price_mean": 10275,
    "2016_milage_mean": 45403,
    "2018_milage_mean": 965,
    "2017_milage_mean": 35299,
    "1988_milage_mean": 170500,
    "2001_price_mean": 3014,
    "1991_price_mean": 2500,
    "price_weight": 3,
    "1997_milage_mean": 239594,
    "2000_price_mean": 2441,
    "sum_rating_min": -9.201563639021526,
    "2015_price_mean": 19417,
    "2013_price_mean": 15041,
    "1992_price_mean": 700,
    "2010_milage_mean": 127182,
    "2004_price_mean": 4293,
    "2015_milage_mean": 59028,
    "1996_milage_mean": 235690,
    "2009_price_mean": 9587,
    "2014_price_mean": 16616,
    "2007_price_mean": 7775,
    "2008_price_mean": 7897,
    "2006_milage_mean": 154044,
    "2003_price_mean": 3960,
    "1997_price_mean": 2466,
    "2011_price_mean": 11516,
    "milage_min": 0.0
}