{
    "1996_price_mean": 164750,
    "2006_price_mean": 97891,
    "2013_milage_mean": 23114,
    "1976_milage_mean": 180800,
    "2002_price_mean": 47445,
    "1990_price_mean": 159997,
    "1998_milage_mean": 125598,
    "2012_price_mean": 189995,
    "1990_milage_mean": 126718,
    "2004_milage_mean": 82849,
    "2005_milage_mean": 58350,
    "2007_milage_mean": 56865,
    "2008_milage_mean": 71201,
    "1977_price_mean": 169500,
    "1995_milage_mean": 159965,
    "age_weight": 1,
    "price_difference_max": 118600.0,
    "age_min": 1.0,
    "age_max": 42.0,
    "price_difference_min": -186407.0,
    "1988_price_mean": 120000,
    "sum_rating_max": 3.442960576822207,
    "1985_price_mean": 114497,
    "price_weight": 3,
    "2002_milage_mean": 150029,
    "1996_milage_mean": 131460,
    "2016_price_mean": 242320,
    "milage_max": 233866.0,
    "price_min": 42990.0,
    "2005_price_mean": 93962,
    "2014_milage_mean": 16556,
    "2017_price_mean": 302894,
    "milage_weight": 2,
    "2011_milage_mean": 59941,
    "2003_milage_mean": 88629,
    "1998_price_mean": 50663,
    "2012_milage_mean": 24972,
    "price_max": 357712.0,
    "1994_price_mean": 105000,
    "2000_milage_mean": 121148,
    "1984_milage_mean": 138188,
    "2010_price_mean": 136357,
    "2016_milage_mean": 3894,
    "2017_milage_mean": 44,
    "1995_price_mean": 89999,
    "1988_milage_mean": 170290,
    "1994_milage_mean": 74700,
    "1977_milage_mean": 233866,
    "1997_milage_mean": 112977,
    "2000_price_mean": 49080,
    "sum_rating_min": -8.534826072087212,
    "2015_price_mean": 261721,
    "2013_price_mean": 195167,
    "1985_milage_mean": 193891,
    "2010_milage_mean": 56293,
    "2004_price_mean": 79162,
    "2015_milage_mean": 17337,
    "1984_price_mean": 116495,
    "2014_price_mean": 198266,
    "2007_price_mean": 115445,
    "2008_price_mean": 99100,
    "1976_price_mean": 141633,
    "2003_price_mean": 64960,
    "1997_price_mean": 134663,
    "2011_price_mean": 141566,
    "milage_min": 0.0,
    "2006_milage_mean": 56950
}