{
    "2013_milage_mean": 118497,
    "price_weight": 3,
    "2012_price_mean": 23776,
    "2009_milage_mean": 185303,
    "2008_milage_mean": 184371,
    "2012_milage_mean": 128162,
    "price_difference_max": 8846.0,
    "age_min": 0.0,
    "age_max": 10.0,
    "price_difference_min": -10047.0,
    "sum_rating_max": 4.347501243465785,
    "2016_price_mean": 26560,
    "price_min": 8000.0,
    "2014_milage_mean": 90435,
    "2018_price_mean": 29442,
    "2017_price_mean": 28816,
    "milage_weight": 2,
    "2011_milage_mean": 140588,
    "age_weight": 1,
    "price_max": 30000.0,
    "2010_price_mean": 15491,
    "2016_milage_mean": 38531,
    "2018_milage_mean": 3,
    "2017_milage_mean": 1644,
    "sum_rating_min": -5.05541082324637,
    "2015_price_mean": 26203,
    "2013_price_mean": 23456,
    "2010_milage_mean": 179560,
    "2015_milage_mean": 47732,
    "2009_price_mean": 11980,
    "2014_price_mean": 24352,
    "milage_max": 297000.0,
    "2008_price_mean": 13481,
    "2011_price_mean": 19154,
    "milage_min": 0.0
}