{
    "2013_milage_mean": 49784,
    "price_weight": 3,
    "2012_price_mean": 85271,
    "2009_milage_mean": 94712,
    "2008_milage_mean": 91177,
    "2012_milage_mean": 54645,
    "price_difference_max": 27239.0,
    "age_min": 0.0,
    "age_max": 10.0,
    "price_difference_min": -138926.0,
    "sum_rating_max": 2.429576190695985,
    "2016_price_mean": 138107,
    "price_min": 39500.0,
    "2014_milage_mean": 28140,
    "2018_price_mean": 177630,
    "2017_price_mean": 163341,
    "milage_weight": 2,
    "2011_milage_mean": 59056,
    "age_weight": 1,
    "price_max": 235888.0,
    "2010_price_mean": 55969,
    "2016_milage_mean": 13787,
    "2018_milage_mean": 51,
    "2017_milage_mean": 3242,
    "sum_rating_min": -7.861731680229177,
    "2015_price_mean": 123422,
    "2013_price_mean": 86432,
    "2010_milage_mean": 84865,
    "2015_milage_mean": 32122,
    "2009_price_mean": 52359,
    "2014_price_mean": 108648,
    "milage_max": 135000.0,
    "2008_price_mean": 50154,
    "2011_price_mean": 71323,
    "milage_min": 0.0
}