{
    "2006_milage_mean": 133294,
    "2006_price_mean": 9754,
    "2013_milage_mean": 50248,
    "2002_price_mean": 7087,
    "price_weight": 3,
    "2012_price_mean": 18578,
    "2004_milage_mean": 134315,
    "2009_milage_mean": 96746,
    "2007_milage_mean": 110505,
    "2008_milage_mean": 107781,
    "2012_milage_mean": 47932,
    "price_difference_max": 14357.0,
    "age_min": 0.0,
    "age_max": 16.0,
    "price_difference_min": -21580.0,
    "2005_milage_mean": 101720,
    "sum_rating_max": 3.5564133722355025,
    "2002_milage_mean": 188294,
    "2016_price_mean": 40044,
    "milage_max": 251752.0,
    "price_min": 5000.0,
    "2005_price_mean": 10376,
    "2014_milage_mean": 30453,
    "2018_price_mean": 41595,
    "2017_price_mean": 42319,
    "milage_weight": 2,
    "2011_milage_mean": 71151,
    "2003_milage_mean": 203749,
    "age_weight": 1,
    "price_max": 63990.0,
    "2010_price_mean": 16043,
    "2016_milage_mean": 9800,
    "2018_milage_mean": 22,
    "2017_milage_mean": 796,
    "sum_rating_min": -6.263996685350394,
    "2015_price_mean": 32213,
    "2013_price_mean": 21766,
    "2010_milage_mean": 84508,
    "2004_price_mean": 9162,
    "2015_milage_mean": 29534,
    "2009_price_mean": 13369,
    "2014_price_mean": 27865,
    "2007_price_mean": 12652,
    "2008_price_mean": 13037,
    "2003_price_mean": 6625,
    "2011_price_mean": 16097,
    "milage_min": 0.0
}