{
    "2006_milage_mean": 154707,
    "2006_price_mean": 4762,
    "2013_milage_mean": 61863,
    "2002_price_mean": 1866,
    "price_weight": 3,
    "2012_price_mean": 9833,
    "2004_milage_mean": 150511,
    "2009_milage_mean": 127677,
    "2007_milage_mean": 147082,
    "2008_milage_mean": 152443,
    "2012_milage_mean": 72974,
    "price_difference_max": 0.0,
    "age_min": 0.0,
    "age_max": 16.0,
    "price_difference_min": 0.0,
    "2005_milage_mean": 142255,
    "sum_rating_max": 3.0455594277955917,
    "2002_milage_mean": 148333,
    "2016_price_mean": 13160,
    "milage_max": 279962.0,
    "price_min": 1400.0,
    "2005_price_mean": 3657,
    "2014_milage_mean": 56745,
    "2018_price_mean": 19359,
    "2017_price_mean": 17276,
    "milage_weight": 2,
    "2011_milage_mean": 77925,
    "2003_milage_mean": 138402,
    "age_weight": 1,
    "price_max": 27084.0,
    "2010_price_mean": 6338,
    "2016_milage_mean": 39548,
    "2018_milage_mean": 7,
    "2017_milage_mean": 2057,
    "sum_rating_min": -5.077700955630237,
    "2015_price_mean": 11974,
    "2013_price_mean": 10598,
    "2010_milage_mean": 105218,
    "2004_price_mean": 2913,
    "2015_milage_mean": 58704,
    "2009_price_mean": 5021,
    "2014_price_mean": 10878,
    "2007_price_mean": 4767,
    "2008_price_mean": 4791,
    "2003_price_mean": 1963,
    "2011_price_mean": 8767,
    "milage_min": 0.0
}