{
    "2013_milage_mean": 49341,
    "price_weight": 3,
    "2012_price_mean": 14826,
    "2012_milage_mean": 58675,
    "2015_milage_mean": 29527,
    "age_min": 0.0,
    "age_max": 6.0,
    "price_difference_min": -6027.0,
    "sum_rating_max": 2.6691326076935598,
    "2016_price_mean": 21983,
    "price_min": 12990.0,
    "2014_milage_mean": 46168,
    "2018_price_mean": 28860,
    "2017_price_mean": 24468,
    "milage_weight": 2,
    "age_weight": 1,
    "price_max": 31017.0,
    "2016_milage_mean": 11456,
    "2018_milage_mean": 0,
    "2017_milage_mean": 10200,
    "sum_rating_min": -3.4782604139527344,
    "2015_price_mean": 15880,
    "2013_price_mean": 16268,
    "2014_price_mean": 17668,
    "milage_max": 120789.0,
    "price_difference_max": 4560.0,
    "milage_min": 0.0
}