{
    "2006_milage_mean": 274771,
    "2006_price_mean": 3800,
    "2013_milage_mean": 109000,
    "2002_price_mean": 5750,
    "price_weight": 3,
    "2019_price_mean": 36199,
    "2012_price_mean": 9999,
    "2004_milage_mean": 250910,
    "2009_milage_mean": 139650,
    "2007_milage_mean": 134860,
    "1999_price_mean": 3500,
    "2001_milage_mean": 147780,
    "price_difference_max": 6718.0,
    "age_min": 0.0,
    "age_max": 22.0,
    "price_difference_min": -10885.0,
    "2005_milage_mean": 140000,
    "sum_rating_max": 2.438586711094904,
    "1999_milage_mean": 207000,
    "2002_milage_mean": 171100,
    "2016_price_mean": 16660,
    "milage_max": 317640.0,
    "price_min": 1000.0,
    "2005_price_mean": 5450,
    "2014_milage_mean": 105818,
    "2018_price_mean": 27528,
    "2017_price_mean": 19045,
    "milage_weight": 2,
    "2011_milage_mean": 89250,
    "2003_milage_mean": 196066,
    "age_weight": 1,
    "2019_milage_mean": 0,
    "price_max": 36199.0,
    "2000_milage_mean": 138900,
    "2010_price_mean": 11990,
    "2016_milage_mean": 45656,
    "2018_milage_mean": 11185,
    "2017_milage_mean": 44265,
    "2001_price_mean": 4099,
    "1997_milage_mean": 269000,
    "2000_price_mean": 2500,
    "sum_rating_min": -3.219276333621191,
    "2015_price_mean": 18253,
    "2013_price_mean": 9000,
    "2012_milage_mean": 132000,
    "2010_milage_mean": 104378,
    "2004_price_mean": 1000,
    "2015_milage_mean": 50356,
    "2009_price_mean": 7497,
    "2014_price_mean": 13990,
    "2007_price_mean": 8425,
    "2003_price_mean": 4663,
    "1997_price_mean": 2100,
    "2011_price_mean": 8250,
    "milage_min": 0.0
}