{
    "2006_milage_mean": 152955,
    "2006_price_mean": 8399,
    "2013_milage_mean": 57624,
    "2002_price_mean": 3600,
    "price_weight": 3,
    "2012_price_mean": 18622,
    "2004_milage_mean": 112000,
    "2009_milage_mean": 108665,
    "2007_milage_mean": 113420,
    "2008_milage_mean": 119186,
    "1999_price_mean": 3333,
    "2001_milage_mean": 139858,
    "price_difference_max": 13740.0,
    "age_min": 0.0,
    "age_max": 19.0,
    "price_difference_min": -21887.0,
    "2005_milage_mean": 125912,
    "sum_rating_max": 2.5307230598176895,
    "1999_milage_mean": 147666,
    "2002_milage_mean": 125000,
    "2016_price_mean": 38533,
    "milage_max": 221000.0,
    "price_min": 1700.0,
    "2005_price_mean": 7956,
    "2014_milage_mean": 42078,
    "2018_price_mean": 51771,
    "2017_price_mean": 47957,
    "milage_weight": 2,
    "2011_milage_mean": 79724,
    "2003_milage_mean": 128300,
    "age_weight": 1,
    "2012_milage_mean": 77492,
    "price_max": 67375.0,
    "2000_milage_mean": 171957,
    "2010_price_mean": 13965,
    "2016_milage_mean": 11804,
    "2018_milage_mean": 41,
    "2017_milage_mean": 1514,
    "2001_price_mean": 4200,
    "2000_price_mean": 3025,
    "sum_rating_min": -4.306179267281438,
    "2015_price_mean": 32677,
    "2013_price_mean": 23557,
    "2010_milage_mean": 106121,
    "2004_price_mean": 6100,
    "2015_milage_mean": 33991,
    "2009_price_mean": 13421,
    "2014_price_mean": 30882,
    "2007_price_mean": 8931,
    "2008_price_mean": 11266,
    "2003_price_mean": 4399,
    "2011_price_mean": 17521,
    "milage_min": 0.0
}