{
    "1996_price_mean": 291700,
    "2006_price_mean": 97950,
    "1983_price_mean": 74933,
    "1976_milage_mean": 196667,
    "2002_price_mean": 184950,
    "1990_price_mean": 159997,
    "1998_milage_mean": 113237,
    "1991_milage_mean": 107020,
    "2004_milage_mean": 91549,
    "2009_milage_mean": 26269,
    "2013_milage_mean": 13966,
    "2008_milage_mean": 94291,
    "1977_price_mean": 164750,
    "1995_milage_mean": 159092,
    "2001_milage_mean": 107136,
    "price_difference_max": 161434.0,
    "age_weight": 1,
    "age_min": 1.0,
    "age_max": 42.0,
    "price_difference_min": -655782.0,
    "1988_price_mean": 120000,
    "1983_milage_mean": 144275,
    "1989_milage_mean": 115400,
    "2005_milage_mean": 56450,
    "sum_rating_max": 3.1523748343471882,
    "1985_price_mean": 89000,
    "price_weight": 3,
    "2002_milage_mean": 120052,
    "1996_milage_mean": 95433,
    "2016_price_mean": 350117,
    "milage_max": 233866.0,
    "price_min": 41990.0,
    "2005_price_mean": 92450,
    "2014_milage_mean": 16512,
    "2017_price_mean": 329260,
    "1990_milage_mean": 126718,
    "2011_milage_mean": 56106,
    "2003_milage_mean": 98032,
    "1998_price_mean": 53245,
    "2006_milage_mean": 54925,
    "price_max": 929990.0,
    "milage_weight": 2,
    "2000_milage_mean": 121148,
    "1984_milage_mean": 138188,
    "2010_price_mean": 207843,
    "2016_milage_mean": 5740,
    "2017_milage_mean": 722,
    "2007_milage_mean": 81514,
    "1995_price_mean": 104999,
    "1988_milage_mean": 170290,
    "2001_price_mean": 100749,
    "1991_price_mean": 495000,
    "1989_price_mean": 84000,
    "1977_milage_mean": 120327,
    "1997_milage_mean": 77966,
    "2000_price_mean": 49080,
    "sum_rating_min": -13.428493668590862,
    "2015_price_mean": 280277,
    "2013_price_mean": 196929,
    "1985_milage_mean": 223782,
    "2010_milage_mean": 52336,
    "2004_price_mean": 82898,
    "2015_milage_mean": 16106,
    "1984_price_mean": 116495,
    "2009_price_mean": 279900,
    "2014_price_mean": 258972,
    "2007_price_mean": 95000,
    "2008_price_mean": 99900,
    "1976_price_mean": 111200,
    "2003_price_mean": 64955,
    "1997_price_mean": 167495,
    "2011_price_mean": 271598,
    "milage_min": 0.0
}