{
    "2006_milage_mean": 151632,
    "2006_price_mean": 7149,
    "2013_milage_mean": 65202,
    "price_weight": 3,
    "2012_price_mean": 12664,
    "2004_milage_mean": 180965,
    "2009_milage_mean": 112814,
    "2007_milage_mean": 127175,
    "2008_milage_mean": 128472,
    "2012_milage_mean": 89662,
    "price_difference_max": 10070.0,
    "age_min": 0.0,
    "age_max": 15.0,
    "price_difference_min": -11581.0,
    "2005_milage_mean": 171823,
    "sum_rating_max": 3.174857295370643,
    "2016_price_mean": 22106,
    "milage_max": 304842.0,
    "price_min": 1500.0,
    "2005_price_mean": 5793,
    "2014_milage_mean": 55123,
    "2018_price_mean": 30404,
    "2017_price_mean": 29668,
    "milage_weight": 2,
    "2011_milage_mean": 90932,
    "2003_milage_mean": 181469,
    "age_weight": 1,
    "price_max": 39885.0,
    "2010_price_mean": 10757,
    "2016_milage_mean": 26797,
    "2018_milage_mean": 41,
    "2017_milage_mean": 487,
    "sum_rating_min": -5.09707611132673,
    "2015_price_mean": 21159,
    "2013_price_mean": 14728,
    "2010_milage_mean": 113983,
    "2004_price_mean": 5305,
    "2015_milage_mean": 41911,
    "2009_price_mean": 10551,
    "2014_price_mean": 19459,
    "2007_price_mean": 7765,
    "2008_price_mean": 8639,
    "2003_price_mean": 5000,
    "2011_price_mean": 11768,
    "milage_min": 0.0
}