{
    "2006_milage_mean": 151632,
    "2006_price_mean": 7149,
    "2013_milage_mean": 65324,
    "price_weight": 3,
    "2012_price_mean": 12657,
    "2004_milage_mean": 180965,
    "2009_milage_mean": 112319,
    "2007_milage_mean": 127273,
    "2008_milage_mean": 128472,
    "2012_milage_mean": 89964,
    "price_difference_max": 10114.0,
    "age_min": 0.0,
    "age_max": 15.0,
    "price_difference_min": -11537.0,
    "2005_milage_mean": 171823,
    "sum_rating_max": 3.1783510339394523,
    "2016_price_mean": 22165,
    "milage_max": 304842.0,
    "price_min": 1500.0,
    "2005_price_mean": 5793,
    "2014_milage_mean": 55539,
    "2018_price_mean": 30440,
    "2017_price_mean": 29684,
    "milage_weight": 2,
    "2011_milage_mean": 91656,
    "2003_milage_mean": 181469,
    "age_weight": 1,
    "price_max": 39885.0,
    "2010_price_mean": 10764,
    "2016_milage_mean": 27501,
    "2018_milage_mean": 33,
    "2017_milage_mean": 491,
    "sum_rating_min": -5.072611396982268,
    "2015_price_mean": 21139,
    "2013_price_mean": 14729,
    "2010_milage_mean": 114217,
    "2004_price_mean": 5305,
    "2015_milage_mean": 41472,
    "2009_price_mean": 10557,
    "2014_price_mean": 19458,
    "2007_price_mean": 7786,
    "2008_price_mean": 8639,
    "2003_price_mean": 5000,
    "2011_price_mean": 11672,
    "milage_min": 0.0
}