{
    "2002_price_mean": 3198,
    "price_weight": 3,
    "2004_milage_mean": 173000,
    "age_min": 14.0,
    "2001_milage_mean": 147057,
    "price_difference_max": 1564.0,
    "2005_milage_mean": 158890,
    "age_max": 19.0,
    "price_difference_min": -1094.0,
    "sum_rating_max": 6.285304476341045,
    "sum_rating_min": -6.9587444008044095,
    "price_min": 1600.0,
    "2005_price_mean": 2250,
    "milage_weight": 2,
    "2003_milage_mean": 162555,
    "age_weight": 1,
    "price_max": 4990.0,
    "2003_price_mean": 3745,
    "2001_price_mean": 3149,
    "2000_price_mean": 4245,
    "2002_milage_mean": 174516,
    "2004_price_mean": 2900,
    "milage_max": 231500.0,
    "2000_milage_mean": 120602,
    "milage_min": 78000.0
}