{
    "2006_milage_mean": 74218,
    "2006_price_mean": 103300,
    "2013_milage_mean": 23995,
    "price_weight": 3,
    "2012_price_mean": 139472,
    "2007_milage_mean": 45807,
    "2008_milage_mean": 64870,
    "2012_milage_mean": 30595,
    "price_difference_max": 66474.0,
    "age_min": 1.0,
    "age_max": 12.0,
    "price_difference_min": -166646.0,
    "sum_rating_max": 3.04854743069549,
    "2016_price_mean": 205751,
    "milage_max": 95000.0,
    "price_min": 86700.0,
    "2014_milage_mean": 20100,
    "2017_price_mean": 301311,
    "milage_weight": 2,
    "2011_milage_mean": 31340,
    "age_weight": 1,
    "price_max": 429339.0,
    "2010_price_mean": 126966,
    "2016_milage_mean": 7429,
    "2017_milage_mean": 786,
    "sum_rating_min": -5.30356899932466,
    "2015_price_mean": 173978,
    "2013_price_mean": 150944,
    "2010_milage_mean": 35351,
    "2015_milage_mean": 9316,
    "2014_price_mean": 175613,
    "2007_price_mean": 117172,
    "2008_price_mean": 102766,
    "2011_price_mean": 184490,
    "milage_min": 0.0
}