{
    "2006_milage_mean": 237300,
    "2006_price_mean": 4800,
    "2013_milage_mean": 90622,
    "2002_price_mean": 4050,
    "price_weight": 3,
    "2019_price_mean": 38528,
    "2012_price_mean": 16322,
    "2004_milage_mean": 235231,
    "2009_milage_mean": 133389,
    "2007_milage_mean": 157964,
    "2008_milage_mean": 159063,
    "1999_price_mean": 3200,
    "2001_milage_mean": 102700,
    "price_difference_max": 11977.0,
    "age_min": 0.0,
    "age_max": 21.0,
    "price_difference_min": -20557.0,
    "2005_milage_mean": 217586,
    "sum_rating_max": 2.225116635605387,
    "1999_milage_mean": 440000,
    "2002_milage_mean": 227500,
    "2016_price_mean": 25285,
    "2007_price_mean": 9383,
    "price_min": 2000.0,
    "2005_price_mean": 5784,
    "2014_milage_mean": 74345,
    "2018_price_mean": 34629,
    "2017_price_mean": 29554,
    "milage_weight": 2,
    "2011_milage_mean": 135315,
    "2003_milage_mean": 231714,
    "1998_price_mean": 3833,
    "2019_milage_mean": 635,
    "price_max": 49210.0,
    "2000_milage_mean": 242020,
    "2010_price_mean": 12483,
    "2016_milage_mean": 55349,
    "2018_milage_mean": 9542,
    "2017_milage_mean": 31975,
    "2001_price_mean": 7500,
    "2000_price_mean": 3746,
    "sum_rating_min": -7.605502729082337,
    "2015_price_mean": 21447,
    "2013_price_mean": 19040,
    "1998_milage_mean": 185276,
    "2012_milage_mean": 82738,
    "2010_milage_mean": 101748,
    "2004_price_mean": 5218,
    "2015_milage_mean": 66744,
    "2009_price_mean": 10902,
    "2014_price_mean": 21206,
    "milage_max": 440000.0,
    "2008_price_mean": 9118,
    "age_weight": 1,
    "2003_price_mean": 4903,
    "2011_price_mean": 13376,
    "milage_min": 0.0
}