{
    "2013_milage_mean": 85198,
    "price_weight": 3,
    "2012_price_mean": 14893,
    "2012_milage_mean": 88685,
    "2015_milage_mean": 60756,
    "age_min": 1.0,
    "age_max": 7.0,
    "price_difference_min": 0.0,
    "sum_rating_max": 2.746549878287872,
    "2016_price_mean": 19320,
    "price_min": 8999.0,
    "2014_milage_mean": 108988,
    "2018_price_mean": 40857,
    "2017_price_mean": 24888,
    "milage_weight": 2,
    "age_weight": 1,
    "price_max": 50538.0,
    "2016_milage_mean": 54818,
    "2018_milage_mean": 1820,
    "2017_milage_mean": 39800,
    "sum_rating_min": -4.121570643307733,
    "2015_price_mean": 18309,
    "2013_price_mean": 15383,
    "2014_price_mean": 14951,
    "milage_max": 217170.0,
    "price_difference_max": 0.0,
    "milage_min": 0.0
}