{
    "2013_milage_mean": 85198,
    "price_weight": 3,
    "2012_price_mean": 14664,
    "2012_milage_mean": 86955,
    "2015_milage_mean": 53281,
    "age_min": 1.0,
    "age_max": 7.0,
    "price_difference_min": -12862.0,
    "sum_rating_max": 2.7926138005152104,
    "2016_price_mean": 19293,
    "price_min": 8999.0,
    "2014_milage_mean": 103077,
    "2018_price_mean": 41955,
    "2017_price_mean": 26888,
    "milage_weight": 2,
    "age_weight": 1,
    "price_max": 50538.0,
    "2016_milage_mean": 54644,
    "2018_milage_mean": 1001,
    "2017_milage_mean": 31504,
    "sum_rating_min": -3.5332233041066803,
    "2015_price_mean": 18831,
    "2013_price_mean": 15383,
    "2014_price_mean": 14884,
    "milage_max": 217170.0,
    "price_difference_max": 9013.0,
    "milage_min": 0.0
}