{
    "1996_price_mean": 6400,
    "1978_price_mean": 4999,
    "1983_price_mean": 21500,
    "1976_milage_mean": 76000,
    "2002_price_mean": 14682,
    "1990_price_mean": 11400,
    "1998_milage_mean": 332000,
    "2012_price_mean": 109000,
    "1990_milage_mean": 366819,
    "2004_milage_mean": 180485,
    "2005_milage_mean": 292442,
    "2013_milage_mean": 88752,
    "1977_price_mean": 10000,
    "1995_milage_mean": 389981,
    "1982_price_mean": 57000,
    "2001_milage_mean": 166375,
    "price_difference_max": 0.0,
    "age_weight": 1,
    "age_min": 0.0,
    "age_max": 46.0,
    "price_difference_min": 0.0,
    "1988_price_mean": 13500,
    "1972_price_mean": 33750,
    "sum_rating_max": 2.868067171810362,
    "1999_milage_mean": 184807,
    "1993_milage_mean": 387696,
    "1981_milage_mean": 93633,
    "2002_milage_mean": 194746,
    "1993_price_mean": 13399,
    "2016_price_mean": 181027,
    "1999_price_mean": 14506,
    "price_min": 2900.0,
    "2005_price_mean": 17499,
    "2014_milage_mean": 59683,
    "2018_price_mean": 250832,
    "2017_price_mean": 228360,
    "milage_weight": 2,
    "2003_milage_mean": 241346,
    "1983_milage_mean": 86902,
    "1998_price_mean": 3500,
    "1972_milage_mean": 140850,
    "1981_price_mean": 18496,
    "price_max": 328888.0,
    "1994_price_mean": 15745,
    "2000_milage_mean": 189100,
    "1984_milage_mean": 273115,
    "1978_milage_mean": 327000,
    "2016_milage_mean": 31759,
    "2018_milage_mean": 1532,
    "2017_milage_mean": 5553,
    "1982_milage_mean": 200000,
    "1995_price_mean": 10117,
    "1988_milage_mean": 265000,
    "2001_price_mean": 20993,
    "1994_milage_mean": 270532,
    "1977_milage_mean": 43958,
    "1997_milage_mean": 250000,
    "2000_price_mean": 23495,
    "sum_rating_min": -5.8945818120572016,
    "2015_price_mean": 156824,
    "2013_price_mean": 111360,
    "2012_milage_mean": 101000,
    "2004_price_mean": 17378,
    "price_weight": 3,
    "1984_price_mean": 69995,
    "2014_price_mean": 130820,
    "milage_max": 621000.0,
    "1976_price_mean": 79900,
    "2003_price_mean": 14707,
    "1997_price_mean": 14999,
    "1996_milage_mean": 235000,
    "2015_milage_mean": 38929,
    "milage_min": 10.0
}