{
    "1996_price_mean": 7350,
    "1978_price_mean": 3999,
    "1983_price_mean": 24990,
    "1976_milage_mean": 58417,
    "2002_price_mean": 14991,
    "1990_price_mean": 11495,
    "1998_milage_mean": 269500,
    "2012_price_mean": 109000,
    "1990_milage_mean": 366819,
    "2004_milage_mean": 176014,
    "2005_milage_mean": 311198,
    "2013_milage_mean": 79461,
    "1977_price_mean": 10000,
    "1995_milage_mean": 345055,
    "1982_price_mean": 18900,
    "2001_milage_mean": 203778,
    "price_difference_max": 71320.0,
    "1986_price_mean": 18000,
    "age_weight": 1,
    "age_min": 0.0,
    "age_max": 42.0,
    "price_difference_min": -230584.0,
    "1988_price_mean": 13500,
    "1983_milage_mean": 86902,
    "1989_milage_mean": 267500,
    "sum_rating_max": 2.374716887676347,
    "1992_milage_mean": 165000,
    "1999_milage_mean": 219755,
    "1993_milage_mean": 318730,
    "1981_milage_mean": 40450,
    "2002_milage_mean": 200767,
    "1993_price_mean": 11532,
    "2016_price_mean": 188507,
    "1999_price_mean": 10466,
    "price_min": 2900.0,
    "2005_price_mean": 17994,
    "2014_milage_mean": 62551,
    "2018_price_mean": 276409,
    "2017_price_mean": 211546,
    "milage_weight": 2,
    "2003_milage_mean": 229079,
    "1998_price_mean": 5500,
    "1981_price_mean": 19994,
    "price_max": 430546.0,
    "1994_price_mean": 16495,
    "2000_milage_mean": 212000,
    "1987_price_mean": 3900,
    "1987_milage_mean": 454398,
    "1978_milage_mean": 100000,
    "2016_milage_mean": 33008,
    "2018_milage_mean": 674,
    "2017_milage_mean": 6650,
    "1982_milage_mean": 99999,
    "1995_price_mean": 14996,
    "1988_milage_mean": 265000,
    "2001_price_mean": 19330,
    "1994_milage_mean": 276532,
    "1989_price_mean": 10250,
    "1977_milage_mean": 43958,
    "2012_milage_mean": 101000,
    "2000_price_mean": 7000,
    "sum_rating_min": -7.160099223396345,
    "2015_price_mean": 164937,
    "2013_price_mean": 110599,
    "1992_price_mean": 18500,
    "2004_price_mean": 17827,
    "price_weight": 3,
    "1996_milage_mean": 235000,
    "1986_milage_mean": 45000,
    "2014_price_mean": 128164,
    "milage_max": 464785.0,
    "1976_price_mean": 34970,
    "2003_price_mean": 14279,
    "2015_milage_mean": 38008,
    "milage_min": 0.0
}