{
    "2013_milage_mean": 95824,
    "price_weight": 3,
    "2012_price_mean": 19190,
    "2009_milage_mean": 167685,
    "2008_milage_mean": 194178,
    "2012_milage_mean": 112997,
    "price_difference_max": 7784.0,
    "age_min": 0.0,
    "age_max": 10.0,
    "price_difference_min": -15145.0,
    "sum_rating_max": 3.3698084395773593,
    "2016_price_mean": 26336,
    "price_min": 8800.0,
    "2014_milage_mean": 82312,
    "2018_price_mean": 44763,
    "2017_price_mean": 38153,
    "milage_weight": 2,
    "2011_milage_mean": 124940,
    "age_weight": 1,
    "price_max": 48990.0,
    "2010_price_mean": 15252,
    "2016_milage_mean": 49432,
    "2018_milage_mean": 1357,
    "2017_milage_mean": 13318,
    "sum_rating_min": -5.636737106074312,
    "2015_price_mean": 24278,
    "2013_price_mean": 21455,
    "2010_milage_mean": 162768,
    "2015_milage_mean": 68096,
    "2009_price_mean": 13806,
    "2014_price_mean": 23196,
    "milage_max": 264470.0,
    "2008_price_mean": 13725,
    "2011_price_mean": 18247,
    "milage_min": 0.0
}