{
    "price_max": 104842.0,
    "sum_rating_max": 3.00035016172847,
    "price_weight": 3,
    "sum_rating_min": -7.790689391896562,
    "milage_weight": 2,
    "price_min": 600.0,
    "milage_max": 423000.0,
    "age_min": 0.0,
    "age_max": 37.0,
    "milage_min": 0.0,
    "age_weight": 1
}