{
    "price_max": 104842.0,
    "sum_rating_max": 3.187662567012017,
    "price_weight": 3,
    "sum_rating_min": -5.989336694428788,
    "milage_weight": 2,
    "price_min": 8000.0,
    "milage_max": 227000.0,
    "age_min": 1.0,
    "age_max": 12.0,
    "milage_min": 0.0,
    "age_weight": 1
}