{
    "price_max": 72988.0,
    "sum_rating_max": 2.3178074763689795,
    "price_weight": 3,
    "sum_rating_min": -4.137795960205128,
    "milage_weight": 2,
    "price_min": 6500.0,
    "milage_max": 273000.0,
    "age_min": 1.0,
    "age_max": 12.0,
    "milage_min": 966.0,
    "age_weight": 1
}