{
    "2006_milage_mean": 187100,
    "2006_price_mean": 6973,
    "2013_milage_mean": 74191,
    "price_weight": 3,
    "2012_price_mean": 15715,
    "2004_milage_mean": 245200,
    "2009_milage_mean": 128729,
    "2007_milage_mean": 200151,
    "2008_milage_mean": 234226,
    "2012_milage_mean": 103835,
    "price_difference_max": 7097.0,
    "age_min": 0.0,
    "age_max": 14.0,
    "price_difference_min": -21616.0,
    "2005_milage_mean": 238136,
    "sum_rating_max": 2.503520817330928,
    "2016_price_mean": 24297,
    "milage_max": 447731.0,
    "price_min": 3000.0,
    "2005_price_mean": 5183,
    "2014_milage_mean": 66860,
    "2018_price_mean": 34231,
    "2017_price_mean": 29542,
    "milage_weight": 2,
    "2011_milage_mean": 110013,
    "age_weight": 1,
    "price_max": 49045.0,
    "2010_price_mean": 14120,
    "2016_milage_mean": 21938,
    "2018_milage_mean": 0,
    "2017_milage_mean": 12258,
    "sum_rating_min": -7.249991394765218,
    "2015_price_mean": 18556,
    "2013_price_mean": 15416,
    "2010_milage_mean": 191612,
    "2004_price_mean": 7000,
    "2015_milage_mean": 44589,
    "2009_price_mean": 12346,
    "2014_price_mean": 17436,
    "2007_price_mean": 7329,
    "2008_price_mean": 8112,
    "2011_price_mean": 16383,
    "milage_min": 0.0
}