{
    "2013_milage_mean": 68907,
    "price_weight": 3,
    "2012_price_mean": 15739,
    "2009_milage_mean": 122106,
    "2007_milage_mean": 166262,
    "2008_milage_mean": 223000,
    "2012_milage_mean": 75638,
    "2001_milage_mean": 118000,
    "price_difference_max": 5909.0,
    "age_min": 1.0,
    "age_max": 18.0,
    "price_difference_min": -11597.0,
    "sum_rating_max": 2.355527063301019,
    "2016_price_mean": 25656,
    "milage_max": 223000.0,
    "price_min": 4500.0,
    "2014_milage_mean": 56050,
    "2018_price_mean": 35916,
    "2017_price_mean": 24888,
    "milage_weight": 2,
    "2011_milage_mean": 43686,
    "2003_milage_mean": 167800,
    "age_weight": 1,
    "price_max": 39990.0,
    "2010_price_mean": 15990,
    "2016_milage_mean": 48338,
    "2018_milage_mean": 5771,
    "2017_milage_mean": 33185,
    "2001_price_mean": 4500,
    "sum_rating_min": -3.872958907546202,
    "2015_price_mean": 21299,
    "2013_price_mean": 14286,
    "2010_milage_mean": 96237,
    "2015_milage_mean": 38167,
    "2009_price_mean": 14990,
    "2014_price_mean": 19548,
    "2007_price_mean": 8445,
    "2008_price_mean": 4500,
    "2003_price_mean": 4800,
    "2011_price_mean": 19990,
    "milage_min": 3984.0
}