{
    "2006_milage_mean": 158939,
    "2006_price_mean": 7990,
    "2013_milage_mean": 69475,
    "price_weight": 3,
    "2012_price_mean": 19842,
    "2004_milage_mean": 202872,
    "2009_milage_mean": 114335,
    "2007_milage_mean": 158000,
    "2008_milage_mean": 218339,
    "2012_milage_mean": 42613,
    "price_difference_max": 12956.0,
    "age_min": 1.0,
    "age_max": 14.0,
    "price_difference_min": -14346.0,
    "sum_rating_max": 2.9841415715885975,
    "2016_price_mean": 35200,
    "milage_max": 346000.0,
    "price_min": 5000.0,
    "2014_milage_mean": 77954,
    "2017_price_mean": 40586,
    "milage_weight": 2,
    "age_weight": 1,
    "price_max": 50724.0,
    "2010_price_mean": 14970,
    "2016_milage_mean": 16201,
    "2017_milage_mean": 452,
    "sum_rating_min": -3.9682214951820622,
    "2015_price_mean": 21815,
    "2013_price_mean": 20991,
    "2010_milage_mean": 95560,
    "2004_price_mean": 6600,
    "2009_price_mean": 13595,
    "2014_price_mean": 22584,
    "2007_price_mean": 8500,
    "2008_price_mean": 6965,
    "2015_milage_mean": 51176,
    "milage_min": 0.0
}