{
    "2006_milage_mean": 149609,
    "2006_price_mean": 8963,
    "2002_price_mean": 2620,
    "price_weight": 3,
    "2009_milage_mean": 71000,
    "2008_milage_mean": 55000,
    "2001_milage_mean": 146763,
    "price_difference_max": 1927.0,
    "2005_milage_mean": 90957,
    "age_min": 10.0,
    "age_max": 18.0,
    "price_difference_min": -3378.0,
    "sum_rating_max": 1.8497360917161658,
    "sum_rating_min": -3.0234669766405866,
    "price_min": 2250.0,
    "2005_price_mean": 7500,
    "milage_weight": 2,
    "age_weight": 1,
    "price_max": 11900.0,
    "2001_price_mean": 4999,
    "2002_milage_mean": 172953,
    "2009_price_mean": 9200,
    "milage_max": 200000.0,
    "2008_price_mean": 9999,
    "milage_min": 55000.0
}