{
    "2013_milage_mean": 49784,
    "price_weight": 3,
    "2012_price_mean": 84493,
    "2009_milage_mean": 95387,
    "2008_milage_mean": 91177,
    "2012_milage_mean": 55089,
    "price_difference_max": 27210.0,
    "age_min": 0.0,
    "age_max": 10.0,
    "price_difference_min": -139060.0,
    "sum_rating_max": 2.4323281388793516,
    "2016_price_mean": 138718,
    "price_min": 39500.0,
    "2014_milage_mean": 28140,
    "2018_price_mean": 177630,
    "2017_price_mean": 162674,
    "milage_weight": 2,
    "2011_milage_mean": 60423,
    "age_weight": 1,
    "price_max": 235888.0,
    "2010_price_mean": 55959,
    "2016_milage_mean": 13601,
    "2018_milage_mean": 51,
    "2017_milage_mean": 3266,
    "sum_rating_min": -7.902270029713599,
    "2015_price_mean": 124019,
    "2013_price_mean": 86432,
    "2010_milage_mean": 84383,
    "2015_milage_mean": 29820,
    "2009_price_mean": 52991,
    "2014_price_mean": 108648,
    "milage_max": 135000.0,
    "2008_price_mean": 50154,
    "2011_price_mean": 70782,
    "milage_min": 0.0
}