{
    "2013_milage_mean": 15187,
    "price_weight": 3,
    "2004_milage_mean": 88000,
    "2015_milage_mean": 14186,
    "age_min": 1.0,
    "age_max": 14.0,
    "price_difference_min": -116876.0,
    "sum_rating_max": 2.793459792145335,
    "2016_price_mean": 483950,
    "price_min": 134990.0,
    "2014_milage_mean": 14962,
    "2017_price_mean": 544889,
    "milage_weight": 2,
    "age_weight": 1,
    "price_max": 575838.0,
    "2016_milage_mean": 2044,
    "2017_milage_mean": 290,
    "sum_rating_min": -4.401801108458843,
    "2015_price_mean": 372376,
    "2013_price_mean": 340153,
    "2004_price_mean": 134990,
    "2014_price_mean": 289945,
    "milage_max": 88000.0,
    "price_difference_max": 106011.0,
    "milage_min": 0.0
}