{
    "2006_milage_mean": 148378,
    "2006_price_mean": 6328,
    "price_weight": 3,
    "2004_milage_mean": 119292,
    "2009_milage_mean": 191621,
    "2007_milage_mean": 154447,
    "2008_milage_mean": 154529,
    "price_difference_max": 19299.0,
    "age_min": 0.0,
    "age_max": 15.0,
    "price_difference_min": -22540.0,
    "2005_milage_mean": 137718,
    "sum_rating_max": 3.23616615624941,
    "2016_price_mean": 31842,
    "milage_max": 219413.0,
    "price_min": 3300.0,
    "2005_price_mean": 5149,
    "2014_milage_mean": 53014,
    "2018_price_mean": 57286,
    "2017_price_mean": 51859,
    "milage_weight": 2,
    "2011_milage_mean": 143523,
    "2003_milage_mean": 157769,
    "age_weight": 1,
    "price_max": 68756.0,
    "2010_price_mean": 13695,
    "2016_milage_mean": 50802,
    "2018_milage_mean": 217,
    "2017_milage_mean": 6902,
    "sum_rating_min": -4.229873733379312,
    "2015_price_mean": 34809,
    "2010_milage_mean": 102078,
    "2004_price_mean": 4279,
    "2015_milage_mean": 69813,
    "2009_price_mean": 6473,
    "2014_price_mean": 29990,
    "2007_price_mean": 7067,
    "2008_price_mean": 8494,
    "2003_price_mean": 8416,
    "2011_price_mean": 15990,
    "milage_min": 0.0
}