{
    "price_weight": 3,
    "2019_price_mean": 55586,
    "2009_milage_mean": 236353,
    "2007_milage_mean": 136997,
    "price_difference_max": 10959.0,
    "age_min": 0.0,
    "age_max": 12.0,
    "price_difference_min": -15686.0,
    "sum_rating_max": 2.486520247133125,
    "2016_price_mean": 30146,
    "milage_max": 236353.0,
    "price_min": 5990.0,
    "2014_milage_mean": 81976,
    "2018_price_mean": 52585,
    "2017_price_mean": 34354,
    "milage_weight": 2,
    "age_weight": 1,
    "2019_milage_mean": 403,
    "price_max": 68533.0,
    "2016_milage_mean": 72259,
    "2018_milage_mean": 1390,
    "2017_milage_mean": 49642,
    "sum_rating_min": -4.536445272924045,
    "2015_price_mean": 43385,
    "2009_price_mean": 5990,
    "2014_price_mean": 20888,
    "2007_price_mean": 9000,
    "2015_milage_mean": 45647,
    "milage_min": 0.0
}