{
    "1996_price_mean": 24000,
    "1998_milage_mean": 160365,
    "2013_milage_mean": 34556,
    "2002_price_mean": 38497,
    "price_weight": 3,
    "2012_price_mean": 80972,
    "2004_milage_mean": 95555,
    "2009_milage_mean": 93825,
    "2007_milage_mean": 87200,
    "2008_milage_mean": 94912,
    "2012_milage_mean": 46428,
    "price_difference_max": 32237.0,
    "age_min": 1.0,
    "age_max": 31.0,
    "price_difference_min": -38260.0,
    "2005_milage_mean": 103439,
    "sum_rating_max": 2.6537369107451765,
    "2002_milage_mean": 101429,
    "2016_price_mean": 110590,
    "milage_max": 183000.0,
    "price_min": 23750.0,
    "2005_price_mean": 38900,
    "2014_milage_mean": 40749,
    "2017_price_mean": 145410,
    "milage_weight": 2,
    "2011_milage_mean": 78504,
    "2003_milage_mean": 122771,
    "1998_price_mean": 23750,
    "price_max": 161680.0,
    "1987_price_mean": 79000,
    "1987_milage_mean": 22595,
    "2010_price_mean": 55737,
    "2016_milage_mean": 23867,
    "2017_milage_mean": 2138,
    "1997_milage_mean": 87774,
    "sum_rating_min": -3.224548673034473,
    "2015_price_mean": 100697,
    "2013_price_mean": 86592,
    "2010_milage_mean": 99438,
    "2004_price_mean": 35187,
    "2015_milage_mean": 26879,
    "1996_milage_mean": 183000,
    "2009_price_mean": 54400,
    "2014_price_mean": 89592,
    "2007_price_mean": 46300,
    "2008_price_mean": 50584,
    "age_weight": 1,
    "2003_price_mean": 41000,
    "1997_price_mean": 59999,
    "2011_price_mean": 65247,
    "milage_min": 0.0
}