{
    "2013_milage_mean": 11540,
    "price_weight": 3,
    "2004_milage_mean": 56651,
    "2015_milage_mean": 13435,
    "age_min": 1.0,
    "age_max": 14.0,
    "price_difference_min": -128114.0,
    "sum_rating_max": 2.735091517531738,
    "2016_price_mean": 472626,
    "price_min": 169000.0,
    "2014_milage_mean": 15766,
    "2017_price_mean": 562183,
    "milage_weight": 2,
    "age_weight": 1,
    "price_max": 616517.0,
    "2016_milage_mean": 2428,
    "2017_milage_mean": 362,
    "sum_rating_min": -3.474722817092527,
    "2015_price_mean": 379331,
    "2013_price_mean": 357222,
    "2004_price_mean": 169000,
    "2014_price_mean": 306656,
    "milage_max": 56651.0,
    "price_difference_max": 91156.0,
    "milage_min": 0.0
}