{
    "1996_price_mean": 2041,
    "2006_price_mean": 6262,
    "2013_milage_mean": 132819,
    "2002_price_mean": 4215,
    "1990_price_mean": 4000,
    "1998_milage_mean": 251541,
    "2012_price_mean": 9844,
    "1977_price_mean": 9500,
    "2004_milage_mean": 169504,
    "2009_milage_mean": 132383,
    "2007_milage_mean": 132068,
    "2008_milage_mean": 132249,
    "1999_price_mean": 2912,
    "1995_milage_mean": 166943,
    "1982_price_mean": 3000,
    "2001_milage_mean": 221856,
    "price_difference_max": 3367.0,
    "age_min": 5.0,
    "age_max": 41.0,
    "price_difference_min": -8716.0,
    "1997_milage_mean": 191627,
    "2005_milage_mean": 159892,
    "sum_rating_max": 6.693940775682021,
    "1992_milage_mean": 210690,
    "1999_milage_mean": 199900,
    "1993_milage_mean": 238048,
    "1981_milage_mean": 150000,
    "2002_milage_mean": 206992,
    "1993_price_mean": 1542,
    "milage_max": 370000.0,
    "price_min": 400.0,
    "2005_price_mean": 6068,
    "1990_milage_mean": 152500,
    "2011_milage_mean": 124344,
    "2003_milage_mean": 177772,
    "1998_price_mean": 2378,
    "1981_price_mean": 5000,
    "price_max": 10000.0,
    "1994_price_mean": 2210,
    "2000_milage_mean": 222080,
    "2010_price_mean": 9049,
    "milage_weight": 2,
    "age_weight": 1,
    "1982_milage_mean": 88000,
    "1995_price_mean": 2131,
    "2001_price_mean": 3287,
    "1977_milage_mean": 20466,
    "2012_milage_mean": 102487,
    "2000_price_mean": 3124,
    "sum_rating_min": -4.81022123466557,
    "1994_milage_mean": 150659,
    "2013_price_mean": 9880,
    "1992_price_mean": 6000,
    "2010_milage_mean": 129510,
    "2004_price_mean": 5335,
    "price_weight": 3,
    "1996_milage_mean": 207485,
    "2009_price_mean": 8333,
    "2007_price_mean": 7866,
    "2008_price_mean": 8391,
    "2006_milage_mean": 151719,
    "2003_price_mean": 5095,
    "1997_price_mean": 1969,
    "2011_price_mean": 9650,
    "milage_min": 131.0
}