{
    "2006_milage_mean": 134837,
    "2006_price_mean": 10360,
    "2013_milage_mean": 68395,
    "2002_price_mean": 7225,
    "price_weight": 3,
    "2012_price_mean": 29747,
    "2004_milage_mean": 129154,
    "2009_milage_mean": 103071,
    "2007_milage_mean": 126112,
    "2008_milage_mean": 112695,
    "2012_milage_mean": 65417,
    "price_difference_max": 22330.0,
    "age_min": 0.0,
    "age_max": 30.0,
    "price_difference_min": -65275.0,
    "1988_price_mean": 8825,
    "2005_milage_mean": 143200,
    "sum_rating_max": 2.6140754789706264,
    "2002_milage_mean": 157000,
    "2016_price_mean": 55586,
    "milage_max": 273000.0,
    "price_min": 3500.0,
    "2005_price_mean": 8461,
    "2014_milage_mean": 56980,
    "2018_price_mean": 75679,
    "2017_price_mean": 68590,
    "milage_weight": 2,
    "2011_milage_mean": 86359,
    "2003_milage_mean": 160000,
    "age_weight": 1,
    "price_max": 86770.0,
    "2010_price_mean": 19731,
    "2016_milage_mean": 8961,
    "2018_milage_mean": 0,
    "2017_milage_mean": 2265,
    "1988_milage_mean": 146572,
    "sum_rating_min": -5.576408551855495,
    "2015_price_mean": 46936,
    "2013_price_mean": 32340,
    "2010_milage_mean": 92765,
    "2004_price_mean": 7850,
    "2015_milage_mean": 31265,
    "2009_price_mean": 17012,
    "2014_price_mean": 37255,
    "2007_price_mean": 11824,
    "2008_price_mean": 12825,
    "2003_price_mean": 14500,
    "2011_price_mean": 22876,
    "milage_min": 0.0
}