{
    "1996_price_mean": 2075,
    "2006_price_mean": 8327,
    "2013_milage_mean": 83889,
    "2002_price_mean": 3590,
    "1990_price_mean": 2000,
    "1998_milage_mean": 206314,
    "2012_price_mean": 15130,
    "1990_milage_mean": 255331,
    "2004_milage_mean": 182792,
    "2009_milage_mean": 128500,
    "2007_milage_mean": 176768,
    "2008_milage_mean": 143346,
    "1999_price_mean": 2467,
    "2001_milage_mean": 217031,
    "price_difference_max": 5739.0,
    "age_weight": 1,
    "age_min": 0.0,
    "age_max": 31.0,
    "price_difference_min": -24874.0,
    "2005_milage_mean": 194431,
    "sum_rating_max": 2.292158526039599,
    "1992_milage_mean": 312500,
    "1999_milage_mean": 230754,
    "1993_milage_mean": 239335,
    "2002_milage_mean": 200275,
    "1993_price_mean": 1000,
    "2016_price_mean": 21938,
    "milage_max": 446000.0,
    "price_min": 500.0,
    "2005_price_mean": 5251,
    "2014_milage_mean": 64656,
    "2018_price_mean": 39921,
    "2017_price_mean": 29825,
    "milage_weight": 2,
    "2011_milage_mean": 119654,
    "2003_milage_mean": 198367,
    "1998_price_mean": 2732,
    "2012_milage_mean": 89512,
    "price_max": 49610.0,
    "1994_price_mean": 2283,
    "2000_milage_mean": 211150,
    "1987_price_mean": 2700,
    "1987_milage_mean": 197000,
    "2010_price_mean": 10982,
    "2016_milage_mean": 35770,
    "2018_milage_mean": 210,
    "2017_milage_mean": 8944,
    "2001_price_mean": 2881,
    "1994_milage_mean": 187098,
    "price_weight": 3,
    "1997_milage_mean": 237824,
    "2000_price_mean": 2146,
    "sum_rating_min": -7.784129731426365,
    "2015_price_mean": 19930,
    "2013_price_mean": 15818,
    "1992_price_mean": 500,
    "2010_milage_mean": 120478,
    "2004_price_mean": 4702,
    "2015_milage_mean": 49366,
    "1996_milage_mean": 228654,
    "2009_price_mean": 9757,
    "2014_price_mean": 16844,
    "2007_price_mean": 7311,
    "2008_price_mean": 8367,
    "2006_milage_mean": 156655,
    "2003_price_mean": 4363,
    "1997_price_mean": 2723,
    "2011_price_mean": 12151,
    "milage_min": 0.0
}