{
    "2006_milage_mean": 112241,
    "2006_price_mean": 17110,
    "2013_milage_mean": 37039,
    "2002_price_mean": 12850,
    "price_weight": 3,
    "2012_price_mean": 32041,
    "2004_milage_mean": 123578,
    "2009_milage_mean": 85204,
    "2007_milage_mean": 100178,
    "2008_milage_mean": 95243,
    "2012_milage_mean": 53569,
    "price_difference_max": 13793.0,
    "age_min": 1.0,
    "age_max": 16.0,
    "price_difference_min": -20439.0,
    "2005_milage_mean": 121414,
    "sum_rating_max": 3.1010098916418753,
    "2002_milage_mean": 139600,
    "2016_price_mean": 44010,
    "milage_max": 219953.0,
    "price_min": 8000.0,
    "2005_price_mean": 14637,
    "2014_milage_mean": 36735,
    "2017_price_mean": 57638,
    "milage_weight": 2,
    "2011_milage_mean": 61614,
    "2003_milage_mean": 153878,
    "age_weight": 1,
    "price_max": 72387.0,
    "2010_price_mean": 27336,
    "2016_milage_mean": 9082,
    "2017_milage_mean": 784,
    "sum_rating_min": -3.497196483979363,
    "2015_price_mean": 38296,
    "2013_price_mean": 34252,
    "2010_milage_mean": 74859,
    "2004_price_mean": 15436,
    "2015_milage_mean": 21588,
    "2009_price_mean": 23286,
    "2014_price_mean": 34376,
    "2007_price_mean": 17636,
    "2008_price_mean": 18810,
    "2003_price_mean": 13220,
    "2011_price_mean": 29448,
    "milage_min": 0.0
}