{
    "1996_price_mean": 3000,
    "2006_price_mean": 10716,
    "2013_milage_mean": 69489,
    "2002_price_mean": 5856,
    "price_weight": 3,
    "1998_milage_mean": 261201,
    "2012_price_mean": 28309,
    "2004_milage_mean": 128982,
    "2009_milage_mean": 100250,
    "2007_milage_mean": 108623,
    "2008_milage_mean": 115979,
    "1999_price_mean": 4900,
    "2001_milage_mean": 161496,
    "price_difference_max": 17066.0,
    "age_weight": 1,
    "age_min": 0.0,
    "age_max": 22.0,
    "price_difference_min": -37433.0,
    "2005_milage_mean": 100900,
    "sum_rating_max": 2.503768122631664,
    "1999_milage_mean": 235000,
    "2002_milage_mean": 190894,
    "2016_price_mean": 58913,
    "milage_max": 348534.0,
    "price_min": 2000.0,
    "2005_price_mean": 20150,
    "2014_milage_mean": 44140,
    "2018_price_mean": 71282,
    "2017_price_mean": 69364,
    "milage_weight": 2,
    "2011_milage_mean": 94257,
    "2003_milage_mean": 187214,
    "1998_price_mean": 3333,
    "2012_milage_mean": 66085,
    "price_max": 96706.0,
    "2000_milage_mean": 209000,
    "2016_milage_mean": 11997,
    "2018_milage_mean": 0,
    "2017_milage_mean": 2777,
    "2001_price_mean": 6029,
    "1997_milage_mean": 242883,
    "2000_price_mean": 4999,
    "sum_rating_min": -5.94984654815999,
    "2015_price_mean": 48262,
    "2013_price_mean": 28272,
    "2004_price_mean": 9746,
    "2015_milage_mean": 33125,
    "1996_milage_mean": 201495,
    "2009_price_mean": 17510,
    "2014_price_mean": 41304,
    "2007_price_mean": 15155,
    "2008_price_mean": 15935,
    "2006_milage_mean": 91525,
    "2003_price_mean": 5954,
    "1997_price_mean": 4650,
    "2011_price_mean": 22719,
    "milage_min": 0.0
}